year,domain,region,psu,strata,weight,hhsize,income,povline
2022,D01,R1,D01_P1,R1,105.01,1,11724.04,7860.87
2022,D01,R1,D01_P1,R1,85.31,2,13117.72,7860.87
2022,D01,R1,D01_P1,R1,97.5,4,16721.77,7860.87
2022,D01,R1,D01_P1,R1,116.14,3,9224.67,7860.87
2022,D01,R1,D01_P1,R1,106.35,4,19725.39,7860.87
2022,D01,R1,D01_P1,R1,97.87,2,14352.14,7860.87
2022,D01,R1,D01_P1,R1,82.43,4,17854.51,7860.87
2022,D01,R1,D01_P1,R1,85.01,2,11148.59,7860.87
2022,D01,R1,D01_P2,R1,97.83,3,12339.76,7860.87
2022,D01,R1,D01_P2,R1,105.7,2,17858.28,7860.87
2022,D01,R1,D01_P2,R1,82.49,1,28895.35,7860.87
2022,D01,R1,D01_P2,R1,97.61,3,12464.59,7860.87
2022,D01,R1,D01_P2,R1,103.9,2,23671.39,7860.87
2022,D01,R1,D01_P2,R1,106.51,3,16649.46,7860.87
2022,D01,R1,D01_P2,R1,113.67,3,19694.78,7860.87
2022,D01,R1,D01_P2,R1,82.35,1,15341.0,7860.87
2022,D01,R1,D01_P3,R1,87.39,1,14056.83,7860.87
2022,D01,R1,D01_P3,R1,118.98,2,24366.78,7860.87
2022,D01,R1,D01_P3,R1,109.94,1,7229.19,7860.87
2022,D01,R1,D01_P3,R1,109.98,2,16063.53,7860.87
2022,D01,R1,D01_P3,R1,107.88,1,20540.24,7860.87
2022,D01,R1,D01_P3,R1,85.34,3,18193.13,7860.87
2022,D01,R1,D01_P3,R1,113.62,2,16147.82,7860.87
2022,D01,R1,D01_P3,R1,101.17,2,19109.41,7860.87
2022,D01,R1,D01_P4,R1,96.4,1,26778.4,7860.87
2022,D01,R1,D01_P4,R1,91.48,2,8895.71,7860.87
2022,D01,R1,D01_P4,R1,106.19,1,14734.3,7860.87
2022,D01,R1,D01_P4,R1,100.09,1,12700.26,7860.87
2022,D01,R1,D01_P4,R1,85.29,4,16126.08,7860.87
2022,D01,R1,D01_P4,R1,117.69,3,14924.42,7860.87
2022,D01,R1,D01_P4,R1,115.49,3,8374.56,7860.87
2022,D01,R1,D01_P4,R1,110.15,3,23212.29,7860.87
2022,D01,R1,D01_P5,R1,96.81,4,27015.29,7860.87
2022,D01,R1,D01_P5,R1,84.44,6,10655.36,7860.87
2022,D01,R1,D01_P5,R1,98.68,4,13214.52,7860.87
2022,D01,R1,D01_P5,R1,92.92,4,7441.53,7860.87
2022,D01,R1,D01_P5,R1,81.69,2,7540.63,7860.87
2022,D01,R1,D01_P5,R1,93.53,3,9083.99,7860.87
2022,D01,R1,D01_P5,R1,116.3,2,9242.81,7860.87
2022,D01,R1,D01_P5,R1,95.07,4,15964.92,7860.87
2022,D01,R1,D01_P6,R1,88.34,1,13717.48,7860.87
2022,D01,R1,D01_P6,R1,101.18,4,12447.77,7860.87
2022,D01,R1,D01_P6,R1,97.65,2,23998.95,7860.87
2022,D01,R1,D01_P6,R1,116.27,2,5701.4,7860.87
2022,D01,R1,D01_P6,R1,100.09,3,13559.13,7860.87
2022,D01,R1,D01_P6,R1,103.73,1,19987.8,7860.87
2022,D01,R1,D01_P6,R1,83.65,1,14414.28,7860.87
2022,D01,R1,D01_P6,R1,119.24,2,17130.24,7860.87
2023,D01,R1,D01_P1,R1,115.56,1,15595.0,8007.27
2023,D01,R1,D01_P1,R1,105.63,3,23325.02,8007.27
2023,D01,R1,D01_P1,R1,91.34,2,25999.83,8007.27
2023,D01,R1,D01_P1,R1,112.63,2,8865.21,8007.27
2023,D01,R1,D01_P1,R1,80.18,6,17128.97,8007.27
2023,D01,R1,D01_P1,R1,98.95,1,14723.37,8007.27
2023,D01,R1,D01_P1,R1,81.42,2,9335.05,8007.27
2023,D01,R1,D01_P1,R1,112.28,3,9523.03,8007.27
2023,D01,R1,D01_P2,R1,81.84,1,18731.31,8007.27
2023,D01,R1,D01_P2,R1,92.32,4,13927.94,8007.27
2023,D01,R1,D01_P2,R1,118.6,2,8289.01,8007.27
2023,D01,R1,D01_P2,R1,91.45,1,42746.31,8007.27
2023,D01,R1,D01_P2,R1,115.64,3,11868.29,8007.27
2023,D01,R1,D01_P2,R1,118.82,1,26488.56,8007.27
2023,D01,R1,D01_P2,R1,82.87,2,18880.25,8007.27
2023,D01,R1,D01_P2,R1,106.61,2,20121.63,8007.27
2023,D01,R1,D01_P3,R1,91.16,1,20977.05,8007.27
2023,D01,R1,D01_P3,R1,81.01,3,18191.31,8007.27
2023,D01,R1,D01_P3,R1,84.33,3,20683.09,8007.27
2023,D01,R1,D01_P3,R1,82.59,4,16378.97,8007.27
2023,D01,R1,D01_P3,R1,83.84,2,23228.13,8007.27
2023,D01,R1,D01_P3,R1,94.32,3,17968.32,8007.27
2023,D01,R1,D01_P3,R1,95.84,1,15108.19,8007.27
2023,D01,R1,D01_P3,R1,108.67,2,16237.19,8007.27
2023,D01,R1,D01_P4,R1,84.5,2,16549.35,8007.27
2023,D01,R1,D01_P4,R1,93.92,2,24700.11,8007.27
2023,D01,R1,D01_P4,R1,108.19,3,5231.14,8007.27
2023,D01,R1,D01_P4,R1,113.42,5,4348.74,8007.27
2023,D01,R1,D01_P4,R1,100.08,2,7217.02,8007.27
2023,D01,R1,D01_P4,R1,90.15,2,9738.03,8007.27
2023,D01,R1,D01_P4,R1,90.42,5,28233.29,8007.27
2023,D01,R1,D01_P4,R1,80.41,2,12846.47,8007.27
2023,D01,R1,D01_P5,R1,80.28,3,11120.41,8007.27
2023,D01,R1,D01_P5,R1,96.2,2,7269.86,8007.27
2023,D01,R1,D01_P5,R1,113.0,3,14727.22,8007.27
2023,D01,R1,D01_P5,R1,98.98,1,9885.7,8007.27
2023,D01,R1,D01_P5,R1,119.17,4,10258.6,8007.27
2023,D01,R1,D01_P5,R1,96.14,2,14356.97,8007.27
2023,D01,R1,D01_P5,R1,91.53,2,7839.6,8007.27
2023,D01,R1,D01_P5,R1,85.3,3,5063.88,8007.27
2023,D01,R1,D01_P6,R1,94.24,2,20117.42,8007.27
2023,D01,R1,D01_P6,R1,110.27,2,19831.6,8007.27
2023,D01,R1,D01_P6,R1,114.95,1,14602.41,8007.27
2023,D01,R1,D01_P6,R1,82.63,1,11052.31,8007.27
2023,D01,R1,D01_P6,R1,80.57,2,9885.41,8007.27
2023,D01,R1,D01_P6,R1,89.8,4,11695.74,8007.27
2023,D01,R1,D01_P6,R1,95.26,5,12131.22,8007.27
2023,D01,R1,D01_P6,R1,111.07,1,10731.02,8007.27
2022,D02,R1,D02_P1,R1,94.75,2,8599.53,7860.87
2022,D02,R1,D02_P1,R1,95.02,2,6079.73,7860.87
2022,D02,R1,D02_P1,R1,113.28,3,17918.81,7860.87
2022,D02,R1,D02_P1,R1,100.81,3,18744.6,7860.87
2022,D02,R1,D02_P1,R1,92.31,4,7836.67,7860.87
2022,D02,R1,D02_P1,R1,93.05,1,15670.66,7860.87
2022,D02,R1,D02_P1,R1,87.21,1,8121.04,7860.87
2022,D02,R1,D02_P1,R1,100.6,1,23354.86,7860.87
2022,D02,R1,D02_P2,R1,107.79,1,8649.28,7860.87
2022,D02,R1,D02_P2,R1,100.4,1,13513.56,7860.87
2022,D02,R1,D02_P2,R1,84.89,5,5850.61,7860.87
2022,D02,R1,D02_P2,R1,107.55,3,7295.23,7860.87
2022,D02,R1,D02_P2,R1,109.58,1,8068.0,7860.87
2022,D02,R1,D02_P2,R1,118.99,3,8628.31,7860.87
2022,D02,R1,D02_P2,R1,85.22,2,8902.17,7860.87
2022,D02,R1,D02_P2,R1,98.23,1,22289.99,7860.87
2022,D02,R1,D02_P3,R1,116.59,4,22258.66,7860.87
2022,D02,R1,D02_P3,R1,91.06,3,5991.44,7860.87
2022,D02,R1,D02_P3,R1,95.78,3,10245.58,7860.87
2022,D02,R1,D02_P3,R1,118.22,4,11405.48,7860.87
2022,D02,R1,D02_P3,R1,84.4,3,21578.83,7860.87
2022,D02,R1,D02_P3,R1,106.51,3,18552.03,7860.87
2022,D02,R1,D02_P3,R1,82.04,2,8187.05,7860.87
2022,D02,R1,D02_P3,R1,83.54,1,20478.86,7860.87
2022,D02,R1,D02_P4,R1,84.42,3,13845.48,7860.87
2022,D02,R1,D02_P4,R1,114.28,3,11310.65,7860.87
2022,D02,R1,D02_P4,R1,92.43,5,12635.16,7860.87
2022,D02,R1,D02_P4,R1,89.56,1,17809.76,7860.87
2022,D02,R1,D02_P4,R1,114.26,3,9330.28,7860.87
2022,D02,R1,D02_P4,R1,119.66,2,16645.32,7860.87
2022,D02,R1,D02_P4,R1,110.42,5,13598.19,7860.87
2022,D02,R1,D02_P4,R1,106.48,3,6073.93,7860.87
2022,D02,R1,D02_P5,R1,103.56,5,12209.46,7860.87
2022,D02,R1,D02_P5,R1,91.34,4,13220.04,7860.87
2022,D02,R1,D02_P5,R1,119.19,1,30238.37,7860.87
2022,D02,R1,D02_P5,R1,110.49,6,14140.36,7860.87
2022,D02,R1,D02_P5,R1,80.77,8,21585.83,7860.87
2022,D02,R1,D02_P5,R1,111.95,2,7253.55,7860.87
2022,D02,R1,D02_P5,R1,92.74,4,16409.2,7860.87
2022,D02,R1,D02_P5,R1,115.22,2,13777.5,7860.87
2022,D02,R1,D02_P6,R1,91.81,2,11637.84,7860.87
2022,D02,R1,D02_P6,R1,83.94,2,6441.68,7860.87
2022,D02,R1,D02_P6,R1,107.0,2,15431.19,7860.87
2022,D02,R1,D02_P6,R1,83.6,3,13226.06,7860.87
2022,D02,R1,D02_P6,R1,85.52,3,14822.79,7860.87
2022,D02,R1,D02_P6,R1,103.84,4,20092.45,7860.87
2022,D02,R1,D02_P6,R1,81.75,5,7688.07,7860.87
2022,D02,R1,D02_P6,R1,118.27,3,38379.74,7860.87
2023,D02,R1,D02_P1,R1,88.96,2,12226.82,8007.27
2023,D02,R1,D02_P1,R1,95.47,3,12981.62,8007.27
2023,D02,R1,D02_P1,R1,117.36,2,6728.58,8007.27
2023,D02,R1,D02_P1,R1,119.15,2,6543.52,8007.27
2023,D02,R1,D02_P1,R1,116.75,3,14622.78,8007.27
2023,D02,R1,D02_P1,R1,115.54,1,13215.6,8007.27
2023,D02,R1,D02_P1,R1,90.11,2,9848.49,8007.27
2023,D02,R1,D02_P1,R1,116.98,3,19104.39,8007.27
2023,D02,R1,D02_P2,R1,87.29,3,10014.0,8007.27
2023,D02,R1,D02_P2,R1,85.41,2,11103.5,8007.27
2023,D02,R1,D02_P2,R1,108.54,1,8904.93,8007.27
2023,D02,R1,D02_P2,R1,110.05,3,8850.25,8007.27
2023,D02,R1,D02_P2,R1,99.23,2,14469.86,8007.27
2023,D02,R1,D02_P2,R1,82.34,3,9100.67,8007.27
2023,D02,R1,D02_P2,R1,85.74,5,9668.43,8007.27
2023,D02,R1,D02_P2,R1,97.68,4,14601.47,8007.27
2023,D02,R1,D02_P3,R1,93.79,2,16018.92,8007.27
2023,D02,R1,D02_P3,R1,82.73,3,12282.05,8007.27
2023,D02,R1,D02_P3,R1,114.6,1,12824.87,8007.27
2023,D02,R1,D02_P3,R1,86.81,2,22572.66,8007.27
2023,D02,R1,D02_P3,R1,115.16,1,16419.3,8007.27
2023,D02,R1,D02_P3,R1,118.67,4,14514.2,8007.27
2023,D02,R1,D02_P3,R1,100.82,2,12948.46,8007.27
2023,D02,R1,D02_P3,R1,109.87,1,29750.61,8007.27
2023,D02,R1,D02_P4,R1,109.48,2,9757.68,8007.27
2023,D02,R1,D02_P4,R1,88.31,4,16414.35,8007.27
2023,D02,R1,D02_P4,R1,103.37,2,16509.07,8007.27
2023,D02,R1,D02_P4,R1,100.35,3,30189.74,8007.27
2023,D02,R1,D02_P4,R1,90.69,5,12682.81,8007.27
2023,D02,R1,D02_P4,R1,92.12,4,7813.21,8007.27
2023,D02,R1,D02_P4,R1,98.86,2,7328.87,8007.27
2023,D02,R1,D02_P4,R1,83.29,4,18402.3,8007.27
2023,D02,R1,D02_P5,R1,85.77,2,8473.27,8007.27
2023,D02,R1,D02_P5,R1,102.61,2,16104.38,8007.27
2023,D02,R1,D02_P5,R1,108.54,3,35580.55,8007.27
2023,D02,R1,D02_P5,R1,86.13,3,17236.58,8007.27
2023,D02,R1,D02_P5,R1,85.53,1,16861.83,8007.27
2023,D02,R1,D02_P5,R1,104.72,6,44617.05,8007.27
2023,D02,R1,D02_P5,R1,95.64,2,7930.86,8007.27
2023,D02,R1,D02_P5,R1,89.26,4,9014.35,8007.27
2023,D02,R1,D02_P6,R1,81.94,4,14775.73,8007.27
2023,D02,R1,D02_P6,R1,107.13,2,4399.84,8007.27
2023,D02,R1,D02_P6,R1,94.75,1,12892.04,8007.27
2023,D02,R1,D02_P6,R1,89.99,3,24614.32,8007.27
2023,D02,R1,D02_P6,R1,92.8,3,9277.6,8007.27
2023,D02,R1,D02_P6,R1,101.43,2,18309.56,8007.27
2023,D02,R1,D02_P6,R1,84.4,4,14293.54,8007.27
2023,D02,R1,D02_P6,R1,88.04,3,7187.28,8007.27
2022,D03,R1,D03_P1,R1,82.2,1,4712.71,7860.87
2022,D03,R1,D03_P1,R1,117.96,1,5589.22,7860.87
2022,D03,R1,D03_P1,R1,100.71,3,9778.42,7860.87
2022,D03,R1,D03_P1,R1,115.01,3,5845.79,7860.87
2022,D03,R1,D03_P1,R1,114.79,3,2432.55,7860.87
2022,D03,R1,D03_P1,R1,93.38,1,7097.46,7860.87
2022,D03,R1,D03_P1,R1,104.52,2,4404.66,7860.87
2022,D03,R1,D03_P1,R1,98.95,4,2221.85,7860.87
2022,D03,R1,D03_P2,R1,96.41,2,7706.41,7860.87
2022,D03,R1,D03_P2,R1,119.98,3,10028.67,7860.87
2022,D03,R1,D03_P2,R1,117.24,2,6939.45,7860.87
2022,D03,R1,D03_P2,R1,106.57,3,7674.22,7860.87
2022,D03,R1,D03_P2,R1,109.72,1,4590.96,7860.87
2022,D03,R1,D03_P2,R1,109.96,3,4337.71,7860.87
2022,D03,R1,D03_P2,R1,104.23,1,3011.53,7860.87
2022,D03,R1,D03_P2,R1,118.38,2,2728.2,7860.87
2022,D03,R1,D03_P3,R1,108.21,1,7816.67,7860.87
2022,D03,R1,D03_P3,R1,89.02,2,2805.91,7860.87
2022,D03,R1,D03_P3,R1,88.97,3,2978.1,7860.87
2022,D03,R1,D03_P3,R1,113.0,3,4074.26,7860.87
2022,D03,R1,D03_P3,R1,84.49,4,3426.17,7860.87
2022,D03,R1,D03_P3,R1,113.01,5,2660.17,7860.87
2022,D03,R1,D03_P3,R1,100.3,3,5503.11,7860.87
2022,D03,R1,D03_P3,R1,89.44,1,6155.46,7860.87
2022,D03,R1,D03_P4,R1,117.45,1,10520.11,7860.87
2022,D03,R1,D03_P4,R1,80.21,3,3013.03,7860.87
2022,D03,R1,D03_P4,R1,107.35,4,5197.25,7860.87
2022,D03,R1,D03_P4,R1,107.37,2,3788.89,7860.87
2022,D03,R1,D03_P4,R1,106.46,1,8471.31,7860.87
2022,D03,R1,D03_P4,R1,112.38,2,6919.09,7860.87
2022,D03,R1,D03_P4,R1,109.62,3,11506.51,7860.87
2022,D03,R1,D03_P4,R1,101.81,1,5545.68,7860.87
2022,D03,R1,D03_P5,R1,106.91,1,8599.53,7860.87
2022,D03,R1,D03_P5,R1,93.56,4,4034.15,7860.87
2022,D03,R1,D03_P5,R1,105.98,2,3891.38,7860.87
2022,D03,R1,D03_P5,R1,98.95,3,6038.31,7860.87
2022,D03,R1,D03_P5,R1,82.47,4,6346.04,7860.87
2022,D03,R1,D03_P5,R1,106.87,2,7331.97,7860.87
2022,D03,R1,D03_P5,R1,99.64,4,10047.52,7860.87
2022,D03,R1,D03_P5,R1,104.74,3,9723.04,7860.87
2022,D03,R1,D03_P6,R1,86.13,4,11202.23,7860.87
2022,D03,R1,D03_P6,R1,102.13,1,2552.39,7860.87
2022,D03,R1,D03_P6,R1,83.77,2,4214.87,7860.87
2022,D03,R1,D03_P6,R1,81.92,5,5252.64,7860.87
2022,D03,R1,D03_P6,R1,111.83,4,4997.16,7860.87
2022,D03,R1,D03_P6,R1,88.15,2,7767.43,7860.87
2022,D03,R1,D03_P6,R1,93.59,3,4223.3,7860.87
2022,D03,R1,D03_P6,R1,105.68,3,3442.93,7860.87
2023,D03,R1,D03_P1,R1,101.96,2,9658.47,8007.27
2023,D03,R1,D03_P1,R1,95.72,2,4192.8,8007.27
2023,D03,R1,D03_P1,R1,91.14,6,3458.14,8007.27
2023,D03,R1,D03_P1,R1,83.86,5,3836.89,8007.27
2023,D03,R1,D03_P1,R1,93.59,2,6385.51,8007.27
2023,D03,R1,D03_P1,R1,117.7,2,3141.07,8007.27
2023,D03,R1,D03_P1,R1,96.41,4,7349.56,8007.27
2023,D03,R1,D03_P1,R1,87.8,2,4631.01,8007.27
2023,D03,R1,D03_P2,R1,92.43,1,7159.71,8007.27
2023,D03,R1,D03_P2,R1,84.43,5,13503.05,8007.27
2023,D03,R1,D03_P2,R1,111.5,1,6569.73,8007.27
2023,D03,R1,D03_P2,R1,85.99,5,3823.22,8007.27
2023,D03,R1,D03_P2,R1,89.11,3,2233.84,8007.27
2023,D03,R1,D03_P2,R1,100.42,3,4570.91,8007.27
2023,D03,R1,D03_P2,R1,80.65,2,6487.19,8007.27
2023,D03,R1,D03_P2,R1,89.77,4,9385.71,8007.27
2023,D03,R1,D03_P3,R1,104.41,3,4209.59,8007.27
2023,D03,R1,D03_P3,R1,96.81,2,11589.32,8007.27
2023,D03,R1,D03_P3,R1,82.18,3,3292.54,8007.27
2023,D03,R1,D03_P3,R1,87.18,2,6048.2,8007.27
2023,D03,R1,D03_P3,R1,87.87,2,10021.84,8007.27
2023,D03,R1,D03_P3,R1,99.55,3,6096.21,8007.27
2023,D03,R1,D03_P3,R1,82.47,2,2383.81,8007.27
2023,D03,R1,D03_P3,R1,119.18,4,4158.3,8007.27
2023,D03,R1,D03_P4,R1,103.56,1,10369.03,8007.27
2023,D03,R1,D03_P4,R1,110.41,1,14639.79,8007.27
2023,D03,R1,D03_P4,R1,83.32,2,7347.63,8007.27
2023,D03,R1,D03_P4,R1,85.44,5,7581.86,8007.27
2023,D03,R1,D03_P4,R1,119.48,1,5258.27,8007.27
2023,D03,R1,D03_P4,R1,89.96,2,12272.89,8007.27
2023,D03,R1,D03_P4,R1,98.39,2,9223.36,8007.27
2023,D03,R1,D03_P4,R1,102.94,2,7262.55,8007.27
2023,D03,R1,D03_P5,R1,116.84,1,6888.06,8007.27
2023,D03,R1,D03_P5,R1,83.92,6,4215.17,8007.27
2023,D03,R1,D03_P5,R1,111.74,1,2593.71,8007.27
2023,D03,R1,D03_P5,R1,81.5,1,9274.67,8007.27
2023,D03,R1,D03_P5,R1,99.61,1,15723.26,8007.27
2023,D03,R1,D03_P5,R1,112.75,4,7671.39,8007.27
2023,D03,R1,D03_P5,R1,96.98,1,4072.67,8007.27
2023,D03,R1,D03_P5,R1,82.99,1,3976.56,8007.27
2023,D03,R1,D03_P6,R1,109.7,1,7768.09,8007.27
2023,D03,R1,D03_P6,R1,113.2,3,4895.9,8007.27
2023,D03,R1,D03_P6,R1,83.71,1,8662.47,8007.27
2023,D03,R1,D03_P6,R1,98.13,1,3402.16,8007.27
2023,D03,R1,D03_P6,R1,100.13,3,9922.71,8007.27
2023,D03,R1,D03_P6,R1,86.17,3,6545.41,8007.27
2023,D03,R1,D03_P6,R1,92.77,3,5629.97,8007.27
2023,D03,R1,D03_P6,R1,100.88,2,2114.98,8007.27
2022,D04,R1,D04_P1,R1,86.33,2,8817.83,7860.87
2022,D04,R1,D04_P1,R1,118.22,1,5669.51,7860.87
2022,D04,R1,D04_P1,R1,100.39,1,11620.39,7860.87
2022,D04,R1,D04_P1,R1,106.4,3,11760.84,7860.87
2022,D04,R1,D04_P1,R1,95.54,1,8916.37,7860.87
2022,D04,R1,D04_P1,R1,101.2,1,20179.17,7860.87
2022,D04,R1,D04_P1,R1,111.26,3,5855.36,7860.87
2022,D04,R1,D04_P1,R1,99.17,3,23202.09,7860.87
2022,D04,R1,D04_P2,R1,81.63,4,17902.05,7860.87
2022,D04,R1,D04_P2,R1,95.01,2,14229.76,7860.87
2022,D04,R1,D04_P2,R1,102.8,3,13648.59,7860.87
2022,D04,R1,D04_P2,R1,90.52,1,4980.69,7860.87
2022,D04,R1,D04_P2,R1,106.54,2,10340.4,7860.87
2022,D04,R1,D04_P2,R1,99.77,4,10863.33,7860.87
2022,D04,R1,D04_P2,R1,82.97,4,21592.81,7860.87
2022,D04,R1,D04_P2,R1,102.0,2,9936.38,7860.87
2022,D04,R1,D04_P3,R1,108.68,2,11162.76,7860.87
2022,D04,R1,D04_P3,R1,93.58,2,6294.66,7860.87
2022,D04,R1,D04_P3,R1,113.6,3,4487.74,7860.87
2022,D04,R1,D04_P3,R1,89.47,3,7828.41,7860.87
2022,D04,R1,D04_P3,R1,90.29,3,8536.14,7860.87
2022,D04,R1,D04_P3,R1,108.5,5,6090.71,7860.87
2022,D04,R1,D04_P3,R1,117.53,2,13105.05,7860.87
2022,D04,R1,D04_P3,R1,110.66,3,7819.19,7860.87
2022,D04,R1,D04_P4,R1,82.27,4,4074.71,7860.87
2022,D04,R1,D04_P4,R1,92.14,3,8590.21,7860.87
2022,D04,R1,D04_P4,R1,114.97,3,10931.43,7860.87
2022,D04,R1,D04_P4,R1,83.54,2,8767.02,7860.87
2022,D04,R1,D04_P4,R1,95.75,3,7236.08,7860.87
2022,D04,R1,D04_P4,R1,107.81,2,6741.16,7860.87
2022,D04,R1,D04_P4,R1,92.76,3,16614.35,7860.87
2022,D04,R1,D04_P4,R1,85.51,2,8317.38,7860.87
2022,D04,R1,D04_P5,R1,110.11,1,7118.77,7860.87
2022,D04,R1,D04_P5,R1,98.5,3,3510.15,7860.87
2022,D04,R1,D04_P5,R1,96.74,2,4550.23,7860.87
2022,D04,R1,D04_P5,R1,105.69,1,9866.59,7860.87
2022,D04,R1,D04_P5,R1,86.25,5,5852.14,7860.87
2022,D04,R1,D04_P5,R1,82.93,1,7733.58,7860.87
2022,D04,R1,D04_P5,R1,100.2,2,7844.18,7860.87
2022,D04,R1,D04_P5,R1,118.29,1,5441.64,7860.87
2022,D04,R1,D04_P6,R1,106.84,4,7499.22,7860.87
2022,D04,R1,D04_P6,R1,99.08,2,9119.23,7860.87
2022,D04,R1,D04_P6,R1,109.89,4,13008.93,7860.87
2022,D04,R1,D04_P6,R1,83.16,3,25055.65,7860.87
2022,D04,R1,D04_P6,R1,115.28,2,13123.74,7860.87
2022,D04,R1,D04_P6,R1,119.48,1,16976.57,7860.87
2022,D04,R1,D04_P6,R1,93.19,3,20137.09,7860.87
2022,D04,R1,D04_P6,R1,98.66,3,9895.22,7860.87
2023,D04,R1,D04_P1,R1,91.4,5,6693.09,8007.27
2023,D04,R1,D04_P1,R1,99.58,2,6469.0,8007.27
2023,D04,R1,D04_P1,R1,91.24,2,4854.61,8007.27
2023,D04,R1,D04_P1,R1,103.45,2,5457.29,8007.27
2023,D04,R1,D04_P1,R1,98.4,2,8942.52,8007.27
2023,D04,R1,D04_P1,R1,102.82,3,19925.97,8007.27
2023,D04,R1,D04_P1,R1,108.95,2,13667.5,8007.27
2023,D04,R1,D04_P1,R1,94.47,4,11600.68,8007.27
2023,D04,R1,D04_P2,R1,105.34,1,8701.89,8007.27
2023,D04,R1,D04_P2,R1,96.64,5,11210.77,8007.27
2023,D04,R1,D04_P2,R1,95.79,2,7557.95,8007.27
2023,D04,R1,D04_P2,R1,94.79,3,16993.66,8007.27
2023,D04,R1,D04_P2,R1,95.17,4,12210.64,8007.27
2023,D04,R1,D04_P2,R1,89.1,1,16630.95,8007.27
2023,D04,R1,D04_P2,R1,80.4,2,6589.11,8007.27
2023,D04,R1,D04_P2,R1,108.38,4,20046.58,8007.27
2023,D04,R1,D04_P3,R1,106.42,4,9058.88,8007.27
2023,D04,R1,D04_P3,R1,113.52,2,7449.47,8007.27
2023,D04,R1,D04_P3,R1,103.86,4,6917.75,8007.27
2023,D04,R1,D04_P3,R1,92.98,1,17316.31,8007.27
2023,D04,R1,D04_P3,R1,92.67,3,9424.64,8007.27
2023,D04,R1,D04_P3,R1,81.98,2,4280.65,8007.27
2023,D04,R1,D04_P3,R1,111.51,2,4331.73,8007.27
2023,D04,R1,D04_P3,R1,85.51,1,10149.64,8007.27
2023,D04,R1,D04_P4,R1,91.02,1,14147.75,8007.27
2023,D04,R1,D04_P4,R1,104.88,2,5638.76,8007.27
2023,D04,R1,D04_P4,R1,100.7,5,11514.87,8007.27
2023,D04,R1,D04_P4,R1,85.94,5,5228.28,8007.27
2023,D04,R1,D04_P4,R1,94.14,1,5143.04,8007.27
2023,D04,R1,D04_P4,R1,117.07,3,12942.71,8007.27
2023,D04,R1,D04_P4,R1,100.23,2,14541.29,8007.27
2023,D04,R1,D04_P4,R1,97.44,4,12018.23,8007.27
2023,D04,R1,D04_P5,R1,85.8,5,2774.13,8007.27
2023,D04,R1,D04_P5,R1,102.9,1,6762.81,8007.27
2023,D04,R1,D04_P5,R1,116.3,2,4953.89,8007.27
2023,D04,R1,D04_P5,R1,114.89,4,5473.7,8007.27
2023,D04,R1,D04_P5,R1,94.56,4,7938.07,8007.27
2023,D04,R1,D04_P5,R1,88.36,1,6354.81,8007.27
2023,D04,R1,D04_P5,R1,92.85,2,5677.62,8007.27
2023,D04,R1,D04_P5,R1,107.15,1,9862.38,8007.27
2023,D04,R1,D04_P6,R1,81.09,3,18977.57,8007.27
2023,D04,R1,D04_P6,R1,117.87,3,21271.25,8007.27
2023,D04,R1,D04_P6,R1,89.26,2,21780.03,8007.27
2023,D04,R1,D04_P6,R1,102.77,4,7766.87,8007.27
2023,D04,R1,D04_P6,R1,104.62,3,9133.59,8007.27
2023,D04,R1,D04_P6,R1,87.88,2,14067.6,8007.27
2023,D04,R1,D04_P6,R1,88.45,4,14465.05,8007.27
2023,D04,R1,D04_P6,R1,101.53,1,12568.25,8007.27
2022,D05,R1,D05_P1,R1,112.79,3,10010.39,7860.87
2022,D05,R1,D05_P1,R1,91.18,2,27966.01,7860.87
2022,D05,R1,D05_P1,R1,103.56,1,14475.18,7860.87
2022,D05,R1,D05_P1,R1,111.96,2,11758.28,7860.87
2022,D05,R1,D05_P1,R1,114.02,2,14321.55,7860.87
2022,D05,R1,D05_P2,R1,117.83,2,10170.75,7860.87
2022,D05,R1,D05_P2,R1,90.1,1,11259.4,7860.87
2022,D05,R1,D05_P2,R1,112.4,1,9555.64,7860.87
2022,D05,R1,D05_P2,R1,83.64,2,14562.89,7860.87
2022,D05,R1,D05_P2,R1,88.2,2,8688.43,7860.87
2022,D05,R1,D05_P3,R1,83.22,2,14003.01,7860.87
2022,D05,R1,D05_P3,R1,100.91,1,26372.21,7860.87
2022,D05,R1,D05_P3,R1,86.15,2,9382.24,7860.87
2022,D05,R1,D05_P3,R1,94.4,3,40073.95,7860.87
2022,D05,R1,D05_P3,R1,89.38,4,13500.9,7860.87
2023,D05,R1,D05_P1,R1,102.09,1,13285.71,8007.27
2023,D05,R1,D05_P1,R1,105.97,1,20135.93,8007.27
2023,D05,R1,D05_P1,R1,113.61,3,39650.77,8007.27
2023,D05,R1,D05_P1,R1,95.67,1,9155.16,8007.27
2023,D05,R1,D05_P1,R1,113.92,3,7732.97,8007.27
2023,D05,R1,D05_P2,R1,107.44,2,10757.12,8007.27
2023,D05,R1,D05_P2,R1,80.5,2,11543.74,8007.27
2023,D05,R1,D05_P2,R1,112.09,1,10274.84,8007.27
2023,D05,R1,D05_P2,R1,97.08,3,23690.43,8007.27
2023,D05,R1,D05_P2,R1,107.53,2,4402.76,8007.27
2023,D05,R1,D05_P3,R1,113.79,2,30447.44,8007.27
2023,D05,R1,D05_P3,R1,87.48,3,11616.17,8007.27
2023,D05,R1,D05_P3,R1,80.44,3,16463.11,8007.27
2023,D05,R1,D05_P3,R1,103.33,1,17565.01,8007.27
2023,D05,R1,D05_P3,R1,108.21,1,13123.27,8007.27
2022,D06,R1,D06_P1,R1,107.63,2,11545.37,7860.87
2022,D06,R1,D06_P1,R1,91.02,4,12674.67,7860.87
2022,D06,R1,D06_P1,R1,104.48,1,11937.86,7860.87
2022,D06,R1,D06_P1,R1,95.8,4,15547.08,7860.87
2022,D06,R1,D06_P1,R1,111.71,4,17902.96,7860.87
2022,D06,R1,D06_P1,R1,85.07,2,20905.45,7860.87
2022,D06,R1,D06_P1,R1,84.04,4,10377.06,7860.87
2022,D06,R1,D06_P1,R1,115.28,1,12975.47,7860.87
2022,D06,R1,D06_P2,R1,96.62,5,20997.89,7860.87
2022,D06,R1,D06_P2,R1,89.18,1,28419.32,7860.87
2022,D06,R1,D06_P2,R1,114.33,1,36595.96,7860.87
2022,D06,R1,D06_P2,R1,84.55,1,13943.98,7860.87
2022,D06,R1,D06_P2,R1,89.07,2,17021.97,7860.87
2022,D06,R1,D06_P2,R1,97.92,6,16676.51,7860.87
2022,D06,R1,D06_P2,R1,86.19,2,20961.98,7860.87
2022,D06,R1,D06_P2,R1,92.85,5,13102.13,7860.87
2022,D06,R1,D06_P3,R1,92.73,1,58542.33,7860.87
2022,D06,R1,D06_P3,R1,117.91,1,21612.47,7860.87
2022,D06,R1,D06_P3,R1,80.81,3,17872.96,7860.87
2022,D06,R1,D06_P3,R1,84.7,2,20163.02,7860.87
2022,D06,R1,D06_P3,R1,98.5,1,15677.26,7860.87
2022,D06,R1,D06_P3,R1,116.61,2,5097.4,7860.87
2022,D06,R1,D06_P3,R1,107.14,2,19121.35,7860.87
2022,D06,R1,D06_P3,R1,108.65,2,18884.61,7860.87
2022,D06,R1,D06_P4,R1,114.25,2,27958.29,7860.87
2022,D06,R1,D06_P4,R1,105.59,1,27054.33,7860.87
2022,D06,R1,D06_P4,R1,108.96,2,17303.24,7860.87
2022,D06,R1,D06_P4,R1,83.63,2,16570.52,7860.87
2022,D06,R1,D06_P4,R1,99.24,1,61795.81,7860.87
2022,D06,R1,D06_P4,R1,90.12,3,12788.14,7860.87
2022,D06,R1,D06_P4,R1,83.64,3,15839.09,7860.87
2022,D06,R1,D06_P4,R1,112.75,3,20394.62,7860.87
2022,D06,R1,D06_P5,R1,111.9,2,12995.87,7860.87
2022,D06,R1,D06_P5,R1,118.79,3,9503.25,7860.87
2022,D06,R1,D06_P5,R1,94.12,2,7262.96,7860.87
2022,D06,R1,D06_P5,R1,106.93,3,9996.47,7860.87
2022,D06,R1,D06_P5,R1,102.75,3,23577.22,7860.87
2022,D06,R1,D06_P5,R1,95.0,1,16381.76,7860.87
2022,D06,R1,D06_P5,R1,93.4,4,5417.99,7860.87
2022,D06,R1,D06_P5,R1,87.31,1,13629.33,7860.87
2022,D06,R1,D06_P6,R1,93.55,3,27731.19,7860.87
2022,D06,R1,D06_P6,R1,87.77,4,25260.25,7860.87
2022,D06,R1,D06_P6,R1,100.64,2,16631.35,7860.87
2022,D06,R1,D06_P6,R1,114.52,2,14805.8,7860.87
2022,D06,R1,D06_P6,R1,96.12,3,18296.13,7860.87
2022,D06,R1,D06_P6,R1,82.53,4,78151.2,7860.87
2022,D06,R1,D06_P6,R1,90.92,1,13451.07,7860.87
2022,D06,R1,D06_P6,R1,106.8,1,22171.92,7860.87
2023,D06,R1,D06_P1,R1,108.63,4,13636.6,8007.27
2023,D06,R1,D06_P1,R1,83.2,3,27903.85,8007.27
2023,D06,R1,D06_P1,R1,102.19,4,15734.21,8007.27
2023,D06,R1,D06_P1,R1,118.74,3,10221.04,8007.27
2023,D06,R1,D06_P1,R1,101.81,1,8583.27,8007.27
2023,D06,R1,D06_P1,R1,84.46,4,9790.6,8007.27
2023,D06,R1,D06_P1,R1,84.43,3,24660.35,8007.27
2023,D06,R1,D06_P1,R1,111.5,1,27046.65,8007.27
2023,D06,R1,D06_P2,R1,107.61,2,10397.47,8007.27
2023,D06,R1,D06_P2,R1,112.32,3,36699.63,8007.27
2023,D06,R1,D06_P2,R1,97.44,4,38762.65,8007.27
2023,D06,R1,D06_P2,R1,90.82,3,17546.74,8007.27
2023,D06,R1,D06_P2,R1,85.28,1,53267.91,8007.27
2023,D06,R1,D06_P2,R1,85.64,1,16187.55,8007.27
2023,D06,R1,D06_P2,R1,83.53,2,33984.23,8007.27
2023,D06,R1,D06_P2,R1,111.77,4,14286.54,8007.27
2023,D06,R1,D06_P3,R1,104.98,7,19459.96,8007.27
2023,D06,R1,D06_P3,R1,116.46,3,11575.5,8007.27
2023,D06,R1,D06_P3,R1,103.24,3,18266.79,8007.27
2023,D06,R1,D06_P3,R1,94.97,3,26883.07,8007.27
2023,D06,R1,D06_P3,R1,95.89,3,14255.27,8007.27
2023,D06,R1,D06_P3,R1,90.05,4,15421.27,8007.27
2023,D06,R1,D06_P3,R1,88.84,1,11078.37,8007.27
2023,D06,R1,D06_P3,R1,95.82,1,10822.62,8007.27
2023,D06,R1,D06_P4,R1,87.19,1,43798.2,8007.27
2023,D06,R1,D06_P4,R1,108.5,4,24443.49,8007.27
2023,D06,R1,D06_P4,R1,119.79,4,30318.88,8007.27
2023,D06,R1,D06_P4,R1,82.79,2,20606.41,8007.27
2023,D06,R1,D06_P4,R1,113.92,2,7428.94,8007.27
2023,D06,R1,D06_P4,R1,109.64,2,23320.13,8007.27
2023,D06,R1,D06_P4,R1,103.94,3,27945.24,8007.27
2023,D06,R1,D06_P4,R1,90.84,2,20468.87,8007.27
2023,D06,R1,D06_P5,R1,109.62,4,7439.6,8007.27
2023,D06,R1,D06_P5,R1,107.37,2,7579.74,8007.27
2023,D06,R1,D06_P5,R1,95.89,2,6363.08,8007.27
2023,D06,R1,D06_P5,R1,117.06,4,8007.63,8007.27
2023,D06,R1,D06_P5,R1,86.12,2,8003.56,8007.27
2023,D06,R1,D06_P5,R1,87.11,1,4657.04,8007.27
2023,D06,R1,D06_P5,R1,102.15,4,5946.94,8007.27
2023,D06,R1,D06_P5,R1,117.32,2,4591.96,8007.27
2023,D06,R1,D06_P6,R1,91.94,6,21397.89,8007.27
2023,D06,R1,D06_P6,R1,84.21,3,26168.42,8007.27
2023,D06,R1,D06_P6,R1,82.57,3,11704.69,8007.27
2023,D06,R1,D06_P6,R1,85.77,3,22548.17,8007.27
2023,D06,R1,D06_P6,R1,114.83,2,23806.43,8007.27
2023,D06,R1,D06_P6,R1,105.18,5,35311.95,8007.27
2023,D06,R1,D06_P6,R1,93.17,2,17154.09,8007.27
2023,D06,R1,D06_P6,R1,118.01,2,18983.77,8007.27
2022,D07,R1,D07_P1,R1,108.21,2,10449.07,7860.87
2022,D07,R1,D07_P1,R1,84.7,2,8626.03,7860.87
2022,D07,R1,D07_P1,R1,81.54,2,11416.38,7860.87
2022,D07,R1,D07_P1,R1,94.94,1,16478.69,7860.87
2022,D07,R1,D07_P1,R1,109.79,3,10948.37,7860.87
2022,D07,R1,D07_P1,R1,101.31,2,10426.46,7860.87
2022,D07,R1,D07_P1,R1,81.94,3,6096.91,7860.87
2022,D07,R1,D07_P1,R1,107.97,2,14806.52,7860.87
2022,D07,R1,D07_P2,R1,100.36,3,17285.57,7860.87
2022,D07,R1,D07_P2,R1,90.94,2,13488.74,7860.87
2022,D07,R1,D07_P2,R1,88.76,3,9659.84,7860.87
2022,D07,R1,D07_P2,R1,92.19,1,14715.88,7860.87
2022,D07,R1,D07_P2,R1,100.35,2,8963.75,7860.87
2022,D07,R1,D07_P2,R1,100.53,1,14267.23,7860.87
2022,D07,R1,D07_P2,R1,86.09,3,20113.5,7860.87
2022,D07,R1,D07_P2,R1,116.48,4,21935.46,7860.87
2022,D07,R1,D07_P3,R1,98.9,4,9140.73,7860.87
2022,D07,R1,D07_P3,R1,96.68,1,29672.99,7860.87
2022,D07,R1,D07_P3,R1,87.23,2,10626.6,7860.87
2022,D07,R1,D07_P3,R1,85.32,2,17840.79,7860.87
2022,D07,R1,D07_P3,R1,115.26,3,27348.75,7860.87
2022,D07,R1,D07_P3,R1,118.57,2,12278.3,7860.87
2022,D07,R1,D07_P3,R1,109.71,2,4770.88,7860.87
2022,D07,R1,D07_P3,R1,93.4,3,7194.8,7860.87
2022,D07,R1,D07_P4,R1,86.43,5,18504.59,7860.87
2022,D07,R1,D07_P4,R1,107.54,3,7002.1,7860.87
2022,D07,R1,D07_P4,R1,85.81,1,9125.61,7860.87
2022,D07,R1,D07_P4,R1,118.39,3,9340.59,7860.87
2022,D07,R1,D07_P4,R1,105.13,3,12617.24,7860.87
2022,D07,R1,D07_P4,R1,82.8,3,15685.78,7860.87
2022,D07,R1,D07_P4,R1,107.7,3,19763.43,7860.87
2022,D07,R1,D07_P4,R1,97.32,1,18108.84,7860.87
2022,D07,R1,D07_P5,R1,95.18,4,12963.19,7860.87
2022,D07,R1,D07_P5,R1,117.26,3,9330.67,7860.87
2022,D07,R1,D07_P5,R1,99.18,3,14020.92,7860.87
2022,D07,R1,D07_P5,R1,115.46,3,5133.12,7860.87
2022,D07,R1,D07_P5,R1,115.07,3,23764.16,7860.87
2022,D07,R1,D07_P5,R1,116.91,2,8766.91,7860.87
2022,D07,R1,D07_P5,R1,80.38,1,15982.3,7860.87
2022,D07,R1,D07_P5,R1,95.64,3,13015.89,7860.87
2022,D07,R1,D07_P6,R1,113.09,3,8021.39,7860.87
2022,D07,R1,D07_P6,R1,91.65,1,12244.44,7860.87
2022,D07,R1,D07_P6,R1,94.87,4,17185.35,7860.87
2022,D07,R1,D07_P6,R1,98.97,2,9441.89,7860.87
2022,D07,R1,D07_P6,R1,93.49,5,6584.94,7860.87
2022,D07,R1,D07_P6,R1,105.57,5,5367.47,7860.87
2022,D07,R1,D07_P6,R1,87.29,2,22253.83,7860.87
2022,D07,R1,D07_P6,R1,87.29,3,13324.95,7860.87
2023,D07,R1,D07_P1,R1,80.47,4,16066.85,8007.27
2023,D07,R1,D07_P1,R1,112.64,2,9075.31,8007.27
2023,D07,R1,D07_P1,R1,119.43,3,7643.44,8007.27
2023,D07,R1,D07_P1,R1,81.06,3,3525.79,8007.27
2023,D07,R1,D07_P1,R1,111.28,2,7856.88,8007.27
2023,D07,R1,D07_P1,R1,116.64,2,6470.59,8007.27
2023,D07,R1,D07_P1,R1,90.35,2,7311.15,8007.27
2023,D07,R1,D07_P1,R1,98.71,1,11757.36,8007.27
2023,D07,R1,D07_P2,R1,111.45,2,10954.67,8007.27
2023,D07,R1,D07_P2,R1,119.39,3,6550.68,8007.27
2023,D07,R1,D07_P2,R1,110.68,3,21190.52,8007.27
2023,D07,R1,D07_P2,R1,119.65,2,11671.75,8007.27
2023,D07,R1,D07_P2,R1,119.68,2,7688.13,8007.27
2023,D07,R1,D07_P2,R1,102.26,1,10300.26,8007.27
2023,D07,R1,D07_P2,R1,102.51,2,21025.45,8007.27
2023,D07,R1,D07_P2,R1,108.16,4,15005.48,8007.27
2023,D07,R1,D07_P3,R1,89.23,3,27637.18,8007.27
2023,D07,R1,D07_P3,R1,110.22,4,8793.63,8007.27
2023,D07,R1,D07_P3,R1,111.7,4,9111.22,8007.27
2023,D07,R1,D07_P3,R1,113.92,4,9414.98,8007.27
2023,D07,R1,D07_P3,R1,115.94,2,8353.82,8007.27
2023,D07,R1,D07_P3,R1,107.31,2,11380.49,8007.27
2023,D07,R1,D07_P3,R1,83.06,2,12302.97,8007.27
2023,D07,R1,D07_P3,R1,109.77,2,9054.53,8007.27
2023,D07,R1,D07_P4,R1,99.6,4,7100.6,8007.27
2023,D07,R1,D07_P4,R1,114.37,2,9862.52,8007.27
2023,D07,R1,D07_P4,R1,81.1,2,23903.51,8007.27
2023,D07,R1,D07_P4,R1,102.74,2,7905.8,8007.27
2023,D07,R1,D07_P4,R1,116.57,2,14568.0,8007.27
2023,D07,R1,D07_P4,R1,105.32,2,2409.74,8007.27
2023,D07,R1,D07_P4,R1,91.03,3,9230.42,8007.27
2023,D07,R1,D07_P4,R1,87.3,4,8022.61,8007.27
2023,D07,R1,D07_P5,R1,118.91,4,4934.04,8007.27
2023,D07,R1,D07_P5,R1,93.03,3,8981.23,8007.27
2023,D07,R1,D07_P5,R1,99.13,1,10483.72,8007.27
2023,D07,R1,D07_P5,R1,82.96,4,22046.62,8007.27
2023,D07,R1,D07_P5,R1,105.55,2,23716.76,8007.27
2023,D07,R1,D07_P5,R1,99.52,2,5892.21,8007.27
2023,D07,R1,D07_P5,R1,93.55,3,8052.74,8007.27
2023,D07,R1,D07_P5,R1,97.7,2,6351.11,8007.27
2023,D07,R1,D07_P6,R1,107.11,1,4054.27,8007.27
2023,D07,R1,D07_P6,R1,82.5,2,29884.86,8007.27
2023,D07,R1,D07_P6,R1,95.37,1,8669.77,8007.27
2023,D07,R1,D07_P6,R1,83.14,3,7461.25,8007.27
2023,D07,R1,D07_P6,R1,102.45,4,21551.34,8007.27
2023,D07,R1,D07_P6,R1,94.49,5,6289.07,8007.27
2023,D07,R1,D07_P6,R1,86.92,1,6791.82,8007.27
2023,D07,R1,D07_P6,R1,106.77,1,8435.94,8007.27
2022,D08,R1,D08_P1,R1,116.36,3,7151.38,7860.87
2022,D08,R1,D08_P1,R1,99.44,2,6772.46,7860.87
2022,D08,R1,D08_P1,R1,99.48,3,7664.58,7860.87
2022,D08,R1,D08_P1,R1,102.22,4,4175.08,7860.87
2022,D08,R1,D08_P1,R1,85.07,5,5738.28,7860.87
2022,D08,R1,D08_P1,R1,100.06,2,6255.06,7860.87
2022,D08,R1,D08_P1,R1,98.3,3,4746.28,7860.87
2022,D08,R1,D08_P1,R1,106.46,3,3099.84,7860.87
2022,D08,R1,D08_P2,R1,114.54,2,3928.36,7860.87
2022,D08,R1,D08_P2,R1,104.24,3,7281.32,7860.87
2022,D08,R1,D08_P2,R1,98.65,2,2400.02,7860.87
2022,D08,R1,D08_P2,R1,85.37,2,7535.93,7860.87
2022,D08,R1,D08_P2,R1,91.28,3,4651.22,7860.87
2022,D08,R1,D08_P2,R1,101.16,3,9591.44,7860.87
2022,D08,R1,D08_P2,R1,98.27,1,6426.97,7860.87
2022,D08,R1,D08_P2,R1,102.35,3,3816.45,7860.87
2022,D08,R1,D08_P3,R1,99.28,3,6632.86,7860.87
2022,D08,R1,D08_P3,R1,106.96,2,2821.8,7860.87
2022,D08,R1,D08_P3,R1,100.05,3,11517.4,7860.87
2022,D08,R1,D08_P3,R1,82.14,3,6207.07,7860.87
2022,D08,R1,D08_P3,R1,80.58,3,10728.88,7860.87
2022,D08,R1,D08_P3,R1,96.74,2,3498.95,7860.87
2022,D08,R1,D08_P3,R1,116.44,1,5985.1,7860.87
2022,D08,R1,D08_P3,R1,87.54,3,6641.02,7860.87
2022,D08,R1,D08_P4,R1,100.0,3,4413.74,7860.87
2022,D08,R1,D08_P4,R1,96.63,3,2571.48,7860.87
2022,D08,R1,D08_P4,R1,105.39,3,3278.31,7860.87
2022,D08,R1,D08_P4,R1,97.96,2,7009.51,7860.87
2022,D08,R1,D08_P4,R1,116.2,2,10231.29,7860.87
2022,D08,R1,D08_P4,R1,83.08,3,3396.07,7860.87
2022,D08,R1,D08_P4,R1,83.96,3,5358.28,7860.87
2022,D08,R1,D08_P4,R1,102.97,3,2248.42,7860.87
2022,D08,R1,D08_P5,R1,83.98,3,6415.5,7860.87
2022,D08,R1,D08_P5,R1,98.0,4,6976.08,7860.87
2022,D08,R1,D08_P5,R1,97.15,2,1621.95,7860.87
2022,D08,R1,D08_P5,R1,97.21,1,4787.78,7860.87
2022,D08,R1,D08_P5,R1,86.62,2,5335.01,7860.87
2022,D08,R1,D08_P5,R1,114.92,1,7345.16,7860.87
2022,D08,R1,D08_P5,R1,81.91,3,7739.98,7860.87
2022,D08,R1,D08_P5,R1,115.88,3,4773.1,7860.87
2022,D08,R1,D08_P6,R1,84.41,4,5248.14,7860.87
2022,D08,R1,D08_P6,R1,105.99,2,3164.22,7860.87
2022,D08,R1,D08_P6,R1,103.61,2,6354.01,7860.87
2022,D08,R1,D08_P6,R1,89.58,1,2523.2,7860.87
2022,D08,R1,D08_P6,R1,92.36,2,3787.09,7860.87
2022,D08,R1,D08_P6,R1,86.48,2,4892.46,7860.87
2022,D08,R1,D08_P6,R1,89.02,4,3737.78,7860.87
2022,D08,R1,D08_P6,R1,117.44,2,5725.89,7860.87
2023,D08,R1,D08_P1,R1,83.65,2,3824.33,8007.27
2023,D08,R1,D08_P1,R1,92.84,2,12829.45,8007.27
2023,D08,R1,D08_P1,R1,84.64,2,4207.18,8007.27
2023,D08,R1,D08_P1,R1,93.26,1,9396.09,8007.27
2023,D08,R1,D08_P1,R1,87.05,5,6561.17,8007.27
2023,D08,R1,D08_P1,R1,104.62,5,7400.61,8007.27
2023,D08,R1,D08_P1,R1,91.83,3,7403.32,8007.27
2023,D08,R1,D08_P1,R1,102.85,3,4673.77,8007.27
2023,D08,R1,D08_P2,R1,113.42,3,6599.9,8007.27
2023,D08,R1,D08_P2,R1,103.74,5,7894.25,8007.27
2023,D08,R1,D08_P2,R1,107.42,3,7681.52,8007.27
2023,D08,R1,D08_P2,R1,91.8,2,3120.43,8007.27
2023,D08,R1,D08_P2,R1,119.42,2,4061.39,8007.27
2023,D08,R1,D08_P2,R1,112.99,3,5149.62,8007.27
2023,D08,R1,D08_P2,R1,108.26,1,5059.21,8007.27
2023,D08,R1,D08_P2,R1,115.14,1,6519.83,8007.27
2023,D08,R1,D08_P3,R1,105.54,1,9315.68,8007.27
2023,D08,R1,D08_P3,R1,105.76,1,7577.41,8007.27
2023,D08,R1,D08_P3,R1,107.75,2,9554.41,8007.27
2023,D08,R1,D08_P3,R1,114.77,1,10092.91,8007.27
2023,D08,R1,D08_P3,R1,95.14,3,7140.72,8007.27
2023,D08,R1,D08_P3,R1,112.24,3,9142.73,8007.27
2023,D08,R1,D08_P3,R1,108.05,4,3569.3,8007.27
2023,D08,R1,D08_P3,R1,93.98,3,2394.47,8007.27
2023,D08,R1,D08_P4,R1,100.97,4,5034.63,8007.27
2023,D08,R1,D08_P4,R1,106.38,3,3640.95,8007.27
2023,D08,R1,D08_P4,R1,112.8,2,8559.52,8007.27
2023,D08,R1,D08_P4,R1,107.51,1,4073.2,8007.27
2023,D08,R1,D08_P4,R1,112.38,1,4962.63,8007.27
2023,D08,R1,D08_P4,R1,111.26,2,4167.3,8007.27
2023,D08,R1,D08_P4,R1,113.13,2,8249.92,8007.27
2023,D08,R1,D08_P4,R1,100.7,1,3174.42,8007.27
2023,D08,R1,D08_P5,R1,90.62,3,5037.9,8007.27
2023,D08,R1,D08_P5,R1,105.39,4,4245.91,8007.27
2023,D08,R1,D08_P5,R1,86.81,1,4582.84,8007.27
2023,D08,R1,D08_P5,R1,114.19,1,7138.15,8007.27
2023,D08,R1,D08_P5,R1,106.47,1,11394.37,8007.27
2023,D08,R1,D08_P5,R1,90.54,3,2427.41,8007.27
2023,D08,R1,D08_P5,R1,88.11,4,6819.81,8007.27
2023,D08,R1,D08_P5,R1,107.25,3,3304.95,8007.27
2023,D08,R1,D08_P6,R1,112.61,3,8063.69,8007.27
2023,D08,R1,D08_P6,R1,97.67,2,5860.9,8007.27
2023,D08,R1,D08_P6,R1,97.82,2,4586.39,8007.27
2023,D08,R1,D08_P6,R1,117.9,2,4904.02,8007.27
2023,D08,R1,D08_P6,R1,114.67,4,5614.85,8007.27
2023,D08,R1,D08_P6,R1,108.68,4,3087.66,8007.27
2023,D08,R1,D08_P6,R1,96.76,3,3240.14,8007.27
2023,D08,R1,D08_P6,R1,80.31,1,2486.86,8007.27
2022,D09,R2,D09_P1,R2,115.35,2,15044.11,7860.87
2022,D09,R2,D09_P1,R2,99.97,6,16561.94,7860.87
2022,D09,R2,D09_P1,R2,106.22,4,9927.23,7860.87
2022,D09,R2,D09_P1,R2,86.21,1,21095.51,7860.87
2022,D09,R2,D09_P1,R2,104.18,3,14546.41,7860.87
2022,D09,R2,D09_P1,R2,115.21,3,11450.04,7860.87
2022,D09,R2,D09_P1,R2,119.12,2,16182.0,7860.87
2022,D09,R2,D09_P1,R2,83.69,2,12083.94,7860.87
2022,D09,R2,D09_P2,R2,96.66,2,12935.57,7860.87
2022,D09,R2,D09_P2,R2,88.04,2,11948.82,7860.87
2022,D09,R2,D09_P2,R2,87.13,5,10157.07,7860.87
2022,D09,R2,D09_P2,R2,118.84,2,16565.74,7860.87
2022,D09,R2,D09_P2,R2,98.97,3,6755.62,7860.87
2022,D09,R2,D09_P2,R2,108.86,5,18934.82,7860.87
2022,D09,R2,D09_P2,R2,91.69,2,7503.28,7860.87
2022,D09,R2,D09_P2,R2,87.81,3,6203.85,7860.87
2022,D09,R2,D09_P3,R2,93.36,1,8535.61,7860.87
2022,D09,R2,D09_P3,R2,115.79,1,13655.34,7860.87
2022,D09,R2,D09_P3,R2,119.49,2,9989.17,7860.87
2022,D09,R2,D09_P3,R2,86.43,1,10881.0,7860.87
2022,D09,R2,D09_P3,R2,119.12,4,14816.04,7860.87
2022,D09,R2,D09_P3,R2,118.11,7,22062.71,7860.87
2022,D09,R2,D09_P3,R2,80.76,3,9860.81,7860.87
2022,D09,R2,D09_P3,R2,104.14,4,9717.95,7860.87
2022,D09,R2,D09_P4,R2,81.22,2,9177.69,7860.87
2022,D09,R2,D09_P4,R2,114.8,4,13426.13,7860.87
2022,D09,R2,D09_P4,R2,81.93,1,7536.56,7860.87
2022,D09,R2,D09_P4,R2,98.74,4,7811.6,7860.87
2022,D09,R2,D09_P4,R2,80.66,4,12332.78,7860.87
2022,D09,R2,D09_P4,R2,114.63,2,6027.45,7860.87
2022,D09,R2,D09_P4,R2,89.24,3,12358.52,7860.87
2022,D09,R2,D09_P4,R2,102.29,3,11634.24,7860.87
2022,D09,R2,D09_P5,R2,84.21,2,8710.99,7860.87
2022,D09,R2,D09_P5,R2,93.72,3,8122.51,7860.87
2022,D09,R2,D09_P5,R2,92.8,3,15168.76,7860.87
2022,D09,R2,D09_P5,R2,119.72,3,9150.57,7860.87
2022,D09,R2,D09_P5,R2,106.42,4,20861.66,7860.87
2022,D09,R2,D09_P5,R2,93.49,3,7163.07,7860.87
2022,D09,R2,D09_P5,R2,99.45,4,10131.22,7860.87
2022,D09,R2,D09_P5,R2,85.61,2,14496.85,7860.87
2022,D09,R2,D09_P6,R2,107.88,1,8534.04,7860.87
2022,D09,R2,D09_P6,R2,91.18,2,13128.08,7860.87
2022,D09,R2,D09_P6,R2,109.75,3,4291.14,7860.87
2022,D09,R2,D09_P6,R2,100.45,1,10096.3,7860.87
2022,D09,R2,D09_P6,R2,100.16,3,10070.9,7860.87
2022,D09,R2,D09_P6,R2,80.6,2,19750.25,7860.87
2022,D09,R2,D09_P6,R2,91.01,3,5185.9,7860.87
2022,D09,R2,D09_P6,R2,99.97,2,11887.91,7860.87
2023,D09,R2,D09_P1,R2,91.46,2,10115.65,8007.27
2023,D09,R2,D09_P1,R2,97.63,3,14631.66,8007.27
2023,D09,R2,D09_P1,R2,92.43,6,10571.86,8007.27
2023,D09,R2,D09_P1,R2,112.21,3,17858.74,8007.27
2023,D09,R2,D09_P1,R2,94.23,5,9089.72,8007.27
2023,D09,R2,D09_P1,R2,80.32,2,13910.37,8007.27
2023,D09,R2,D09_P1,R2,83.95,5,17820.31,8007.27
2023,D09,R2,D09_P1,R2,106.51,2,13152.91,8007.27
2023,D09,R2,D09_P2,R2,108.33,4,17396.39,8007.27
2023,D09,R2,D09_P2,R2,82.92,1,15252.53,8007.27
2023,D09,R2,D09_P2,R2,110.43,1,14078.53,8007.27
2023,D09,R2,D09_P2,R2,111.24,4,13713.44,8007.27
2023,D09,R2,D09_P2,R2,103.5,2,15106.3,8007.27
2023,D09,R2,D09_P2,R2,114.31,2,13345.45,8007.27
2023,D09,R2,D09_P2,R2,87.75,2,13361.04,8007.27
2023,D09,R2,D09_P2,R2,80.22,2,13097.97,8007.27
2023,D09,R2,D09_P3,R2,84.98,1,16090.36,8007.27
2023,D09,R2,D09_P3,R2,115.34,3,6772.06,8007.27
2023,D09,R2,D09_P3,R2,100.08,2,10229.33,8007.27
2023,D09,R2,D09_P3,R2,103.83,3,9548.87,8007.27
2023,D09,R2,D09_P3,R2,82.14,4,7256.83,8007.27
2023,D09,R2,D09_P3,R2,110.32,2,16191.12,8007.27
2023,D09,R2,D09_P3,R2,118.89,2,13523.75,8007.27
2023,D09,R2,D09_P3,R2,95.53,3,8272.66,8007.27
2023,D09,R2,D09_P4,R2,118.89,3,7851.94,8007.27
2023,D09,R2,D09_P4,R2,82.05,3,15675.19,8007.27
2023,D09,R2,D09_P4,R2,90.02,3,10405.57,8007.27
2023,D09,R2,D09_P4,R2,81.26,2,15770.88,8007.27
2023,D09,R2,D09_P4,R2,104.54,3,17938.69,8007.27
2023,D09,R2,D09_P4,R2,81.37,2,11966.51,8007.27
2023,D09,R2,D09_P4,R2,92.25,2,5612.43,8007.27
2023,D09,R2,D09_P4,R2,87.33,1,8175.5,8007.27
2023,D09,R2,D09_P5,R2,103.4,4,15647.53,8007.27
2023,D09,R2,D09_P5,R2,82.2,4,4300.39,8007.27
2023,D09,R2,D09_P5,R2,119.73,1,9228.54,8007.27
2023,D09,R2,D09_P5,R2,93.79,3,22984.65,8007.27
2023,D09,R2,D09_P5,R2,84.74,1,14824.24,8007.27
2023,D09,R2,D09_P5,R2,86.89,2,15189.0,8007.27
2023,D09,R2,D09_P5,R2,109.07,2,23163.81,8007.27
2023,D09,R2,D09_P5,R2,113.68,1,8409.18,8007.27
2023,D09,R2,D09_P6,R2,102.31,2,15702.97,8007.27
2023,D09,R2,D09_P6,R2,97.47,2,7155.13,8007.27
2023,D09,R2,D09_P6,R2,108.67,3,16893.53,8007.27
2023,D09,R2,D09_P6,R2,108.21,5,15304.49,8007.27
2023,D09,R2,D09_P6,R2,100.19,1,6885.57,8007.27
2023,D09,R2,D09_P6,R2,110.7,3,12081.84,8007.27
2023,D09,R2,D09_P6,R2,80.58,3,18241.36,8007.27
2023,D09,R2,D09_P6,R2,108.27,1,10484.91,8007.27
2022,D10,R2,D10_P1,R2,80.27,2,12826.97,7860.87
2022,D10,R2,D10_P1,R2,102.81,6,32815.93,7860.87
2022,D10,R2,D10_P1,R2,96.57,5,13863.73,7860.87
2022,D10,R2,D10_P1,R2,107.19,4,12354.25,7860.87
2022,D10,R2,D10_P1,R2,109.94,5,13105.73,7860.87
2022,D10,R2,D10_P1,R2,83.49,4,9280.2,7860.87
2022,D10,R2,D10_P1,R2,95.74,1,12070.68,7860.87
2022,D10,R2,D10_P1,R2,83.55,2,25611.34,7860.87
2022,D10,R2,D10_P2,R2,100.2,3,19042.26,7860.87
2022,D10,R2,D10_P2,R2,114.84,4,6194.12,7860.87
2022,D10,R2,D10_P2,R2,114.03,3,19228.77,7860.87
2022,D10,R2,D10_P2,R2,81.51,4,12609.23,7860.87
2022,D10,R2,D10_P2,R2,106.74,4,12951.44,7860.87
2022,D10,R2,D10_P2,R2,83.37,4,15873.09,7860.87
2022,D10,R2,D10_P2,R2,119.18,1,6619.72,7860.87
2022,D10,R2,D10_P2,R2,101.19,4,16685.06,7860.87
2022,D10,R2,D10_P3,R2,86.13,6,12882.51,7860.87
2022,D10,R2,D10_P3,R2,115.77,4,12541.46,7860.87
2022,D10,R2,D10_P3,R2,88.41,2,12078.22,7860.87
2022,D10,R2,D10_P3,R2,90.43,2,16362.77,7860.87
2022,D10,R2,D10_P3,R2,115.58,1,12885.48,7860.87
2022,D10,R2,D10_P3,R2,80.3,1,8740.8,7860.87
2022,D10,R2,D10_P3,R2,117.57,3,15668.89,7860.87
2022,D10,R2,D10_P3,R2,81.83,1,6238.93,7860.87
2022,D10,R2,D10_P4,R2,86.56,4,7099.4,7860.87
2022,D10,R2,D10_P4,R2,94.22,3,30514.81,7860.87
2022,D10,R2,D10_P4,R2,102.14,2,9384.65,7860.87
2022,D10,R2,D10_P4,R2,93.45,3,16160.83,7860.87
2022,D10,R2,D10_P4,R2,117.05,1,10129.96,7860.87
2022,D10,R2,D10_P4,R2,97.35,2,7825.2,7860.87
2022,D10,R2,D10_P4,R2,100.85,1,9857.41,7860.87
2022,D10,R2,D10_P4,R2,100.01,3,7593.85,7860.87
2022,D10,R2,D10_P5,R2,80.84,4,3813.23,7860.87
2022,D10,R2,D10_P5,R2,99.42,1,12009.93,7860.87
2022,D10,R2,D10_P5,R2,118.31,3,5671.73,7860.87
2022,D10,R2,D10_P5,R2,81.72,3,6164.65,7860.87
2022,D10,R2,D10_P5,R2,109.98,1,15621.59,7860.87
2022,D10,R2,D10_P5,R2,93.69,2,6560.42,7860.87
2022,D10,R2,D10_P5,R2,86.81,1,4584.1,7860.87
2022,D10,R2,D10_P5,R2,91.52,3,10453.41,7860.87
2022,D10,R2,D10_P6,R2,117.67,6,7337.03,7860.87
2022,D10,R2,D10_P6,R2,80.5,3,12187.48,7860.87
2022,D10,R2,D10_P6,R2,109.95,5,8152.03,7860.87
2022,D10,R2,D10_P6,R2,99.36,1,10036.67,7860.87
2022,D10,R2,D10_P6,R2,98.67,2,17619.5,7860.87
2022,D10,R2,D10_P6,R2,105.88,2,11928.94,7860.87
2022,D10,R2,D10_P6,R2,85.1,5,18720.21,7860.87
2022,D10,R2,D10_P6,R2,113.68,3,15809.23,7860.87
2023,D10,R2,D10_P1,R2,116.3,2,11425.65,8007.27
2023,D10,R2,D10_P1,R2,84.52,3,7522.04,8007.27
2023,D10,R2,D10_P1,R2,103.23,2,11483.27,8007.27
2023,D10,R2,D10_P1,R2,89.23,3,16404.4,8007.27
2023,D10,R2,D10_P1,R2,81.62,1,15329.59,8007.27
2023,D10,R2,D10_P1,R2,111.28,2,31575.31,8007.27
2023,D10,R2,D10_P1,R2,85.22,3,15372.18,8007.27
2023,D10,R2,D10_P1,R2,114.96,3,26136.65,8007.27
2023,D10,R2,D10_P2,R2,89.37,3,17662.56,8007.27
2023,D10,R2,D10_P2,R2,118.19,1,7338.72,8007.27
2023,D10,R2,D10_P2,R2,90.45,5,6916.57,8007.27
2023,D10,R2,D10_P2,R2,86.68,1,8436.4,8007.27
2023,D10,R2,D10_P2,R2,116.87,3,8902.94,8007.27
2023,D10,R2,D10_P2,R2,86.26,3,14031.19,8007.27
2023,D10,R2,D10_P2,R2,90.26,2,7091.86,8007.27
2023,D10,R2,D10_P2,R2,108.77,1,12158.06,8007.27
2023,D10,R2,D10_P3,R2,119.18,2,11539.73,8007.27
2023,D10,R2,D10_P3,R2,101.93,2,11655.2,8007.27
2023,D10,R2,D10_P3,R2,102.76,2,17546.8,8007.27
2023,D10,R2,D10_P3,R2,116.47,3,8409.61,8007.27
2023,D10,R2,D10_P3,R2,99.07,4,15266.56,8007.27
2023,D10,R2,D10_P3,R2,116.32,2,5583.57,8007.27
2023,D10,R2,D10_P3,R2,105.33,3,11081.36,8007.27
2023,D10,R2,D10_P3,R2,108.72,2,22825.05,8007.27
2023,D10,R2,D10_P4,R2,111.32,4,18282.92,8007.27
2023,D10,R2,D10_P4,R2,118.27,2,12995.85,8007.27
2023,D10,R2,D10_P4,R2,87.1,3,11491.62,8007.27
2023,D10,R2,D10_P4,R2,92.6,1,23813.18,8007.27
2023,D10,R2,D10_P4,R2,119.11,3,19318.87,8007.27
2023,D10,R2,D10_P4,R2,82.93,2,9061.09,8007.27
2023,D10,R2,D10_P4,R2,107.64,2,18309.21,8007.27
2023,D10,R2,D10_P4,R2,106.12,1,14756.2,8007.27
2023,D10,R2,D10_P5,R2,117.32,2,5713.58,8007.27
2023,D10,R2,D10_P5,R2,111.96,4,15502.44,8007.27
2023,D10,R2,D10_P5,R2,98.15,1,4805.65,8007.27
2023,D10,R2,D10_P5,R2,94.28,7,19085.57,8007.27
2023,D10,R2,D10_P5,R2,99.69,3,4581.15,8007.27
2023,D10,R2,D10_P5,R2,118.65,4,6136.66,8007.27
2023,D10,R2,D10_P5,R2,112.5,3,9239.98,8007.27
2023,D10,R2,D10_P5,R2,112.48,3,4737.72,8007.27
2023,D10,R2,D10_P6,R2,87.92,2,13179.82,8007.27
2023,D10,R2,D10_P6,R2,111.91,1,6533.63,8007.27
2023,D10,R2,D10_P6,R2,114.68,2,13418.29,8007.27
2023,D10,R2,D10_P6,R2,96.05,3,12643.17,8007.27
2023,D10,R2,D10_P6,R2,117.58,3,6565.51,8007.27
2023,D10,R2,D10_P6,R2,84.89,1,8055.61,8007.27
2023,D10,R2,D10_P6,R2,89.13,1,27933.15,8007.27
2023,D10,R2,D10_P6,R2,80.78,4,22180.95,8007.27
2022,D11,R2,D11_P1,R2,95.06,2,12330.67,7860.87
2022,D11,R2,D11_P1,R2,110.4,2,15530.01,7860.87
2022,D11,R2,D11_P1,R2,93.93,1,7027.63,7860.87
2022,D11,R2,D11_P1,R2,84.44,3,11150.77,7860.87
2022,D11,R2,D11_P1,R2,89.39,5,5065.29,7860.87
2022,D11,R2,D11_P1,R2,82.81,3,16705.87,7860.87
2022,D11,R2,D11_P1,R2,104.53,1,5037.05,7860.87
2022,D11,R2,D11_P1,R2,95.33,3,8750.05,7860.87
2022,D11,R2,D11_P2,R2,104.21,1,10987.7,7860.87
2022,D11,R2,D11_P2,R2,81.28,1,13891.24,7860.87
2022,D11,R2,D11_P2,R2,111.63,1,10638.76,7860.87
2022,D11,R2,D11_P2,R2,108.55,4,12001.65,7860.87
2022,D11,R2,D11_P2,R2,88.32,1,20210.02,7860.87
2022,D11,R2,D11_P2,R2,106.7,1,21968.03,7860.87
2022,D11,R2,D11_P2,R2,90.12,2,8662.77,7860.87
2022,D11,R2,D11_P2,R2,88.97,7,10378.85,7860.87
2022,D11,R2,D11_P3,R2,100.08,5,17449.31,7860.87
2022,D11,R2,D11_P3,R2,106.11,5,24738.03,7860.87
2022,D11,R2,D11_P3,R2,103.3,2,7774.47,7860.87
2022,D11,R2,D11_P3,R2,117.68,4,6711.46,7860.87
2022,D11,R2,D11_P3,R2,99.44,4,6405.68,7860.87
2022,D11,R2,D11_P3,R2,81.67,1,15284.77,7860.87
2022,D11,R2,D11_P3,R2,117.86,5,10786.79,7860.87
2022,D11,R2,D11_P3,R2,91.33,1,6331.37,7860.87
2022,D11,R2,D11_P4,R2,95.13,1,9587.41,7860.87
2022,D11,R2,D11_P4,R2,118.03,5,8060.35,7860.87
2022,D11,R2,D11_P4,R2,108.48,3,11763.02,7860.87
2022,D11,R2,D11_P4,R2,84.94,2,7135.85,7860.87
2022,D11,R2,D11_P4,R2,107.01,4,7818.34,7860.87
2022,D11,R2,D11_P4,R2,80.88,1,8964.26,7860.87
2022,D11,R2,D11_P4,R2,105.3,6,61390.83,7860.87
2022,D11,R2,D11_P4,R2,118.07,1,21044.42,7860.87
2022,D11,R2,D11_P5,R2,106.53,2,12465.48,7860.87
2022,D11,R2,D11_P5,R2,84.25,2,12570.52,7860.87
2022,D11,R2,D11_P5,R2,93.39,2,6426.98,7860.87
2022,D11,R2,D11_P5,R2,112.2,1,12840.46,7860.87
2022,D11,R2,D11_P5,R2,98.51,3,4541.42,7860.87
2022,D11,R2,D11_P5,R2,111.19,1,14330.18,7860.87
2022,D11,R2,D11_P5,R2,83.82,4,8230.52,7860.87
2022,D11,R2,D11_P5,R2,80.68,1,11018.7,7860.87
2022,D11,R2,D11_P6,R2,88.16,2,15300.07,7860.87
2022,D11,R2,D11_P6,R2,86.24,2,7022.54,7860.87
2022,D11,R2,D11_P6,R2,87.49,3,8849.04,7860.87
2022,D11,R2,D11_P6,R2,83.39,4,19971.58,7860.87
2022,D11,R2,D11_P6,R2,99.45,5,9418.06,7860.87
2022,D11,R2,D11_P6,R2,85.79,4,14509.88,7860.87
2022,D11,R2,D11_P6,R2,109.4,3,25062.66,7860.87
2022,D11,R2,D11_P6,R2,94.39,1,17968.03,7860.87
2023,D11,R2,D11_P1,R2,85.95,2,16301.92,8007.27
2023,D11,R2,D11_P1,R2,110.93,3,13401.1,8007.27
2023,D11,R2,D11_P1,R2,83.18,3,19345.92,8007.27
2023,D11,R2,D11_P1,R2,83.34,3,7361.37,8007.27
2023,D11,R2,D11_P1,R2,114.93,1,7327.99,8007.27
2023,D11,R2,D11_P1,R2,84.34,3,9819.35,8007.27
2023,D11,R2,D11_P1,R2,90.85,1,22839.55,8007.27
2023,D11,R2,D11_P1,R2,101.88,2,7039.3,8007.27
2023,D11,R2,D11_P2,R2,92.87,2,15748.1,8007.27
2023,D11,R2,D11_P2,R2,113.76,1,23445.64,8007.27
2023,D11,R2,D11_P2,R2,88.98,4,8033.53,8007.27
2023,D11,R2,D11_P2,R2,86.94,2,4427.4,8007.27
2023,D11,R2,D11_P2,R2,95.84,2,13278.21,8007.27
2023,D11,R2,D11_P2,R2,88.04,1,8933.42,8007.27
2023,D11,R2,D11_P2,R2,109.14,3,13384.2,8007.27
2023,D11,R2,D11_P2,R2,86.48,5,20694.87,8007.27
2023,D11,R2,D11_P3,R2,115.02,4,9650.37,8007.27
2023,D11,R2,D11_P3,R2,95.88,3,18974.74,8007.27
2023,D11,R2,D11_P3,R2,115.01,1,14709.03,8007.27
2023,D11,R2,D11_P3,R2,99.39,3,8969.86,8007.27
2023,D11,R2,D11_P3,R2,105.02,4,10883.5,8007.27
2023,D11,R2,D11_P3,R2,92.07,2,14001.55,8007.27
2023,D11,R2,D11_P3,R2,103.18,3,22588.1,8007.27
2023,D11,R2,D11_P3,R2,95.08,4,28923.43,8007.27
2023,D11,R2,D11_P4,R2,117.96,2,6545.18,8007.27
2023,D11,R2,D11_P4,R2,102.22,1,13731.08,8007.27
2023,D11,R2,D11_P4,R2,93.1,3,21398.62,8007.27
2023,D11,R2,D11_P4,R2,111.18,4,15036.01,8007.27
2023,D11,R2,D11_P4,R2,81.49,1,9708.82,8007.27
2023,D11,R2,D11_P4,R2,87.72,4,15970.11,8007.27
2023,D11,R2,D11_P4,R2,97.08,2,5403.93,8007.27
2023,D11,R2,D11_P4,R2,93.15,4,23180.97,8007.27
2023,D11,R2,D11_P5,R2,108.28,2,8371.77,8007.27
2023,D11,R2,D11_P5,R2,105.03,1,12052.72,8007.27
2023,D11,R2,D11_P5,R2,92.43,3,8469.73,8007.27
2023,D11,R2,D11_P5,R2,119.37,2,17766.03,8007.27
2023,D11,R2,D11_P5,R2,91.93,4,7292.3,8007.27
2023,D11,R2,D11_P5,R2,117.85,5,9501.36,8007.27
2023,D11,R2,D11_P5,R2,87.78,2,5683.95,8007.27
2023,D11,R2,D11_P5,R2,113.85,2,6176.27,8007.27
2023,D11,R2,D11_P6,R2,110.83,1,38270.28,8007.27
2023,D11,R2,D11_P6,R2,94.91,1,38878.99,8007.27
2023,D11,R2,D11_P6,R2,103.18,1,11986.18,8007.27
2023,D11,R2,D11_P6,R2,118.85,4,14792.4,8007.27
2023,D11,R2,D11_P6,R2,118.9,2,14896.1,8007.27
2023,D11,R2,D11_P6,R2,80.01,2,12448.86,8007.27
2023,D11,R2,D11_P6,R2,93.26,5,10730.71,8007.27
2023,D11,R2,D11_P6,R2,106.24,5,11794.85,8007.27
2022,D12,R2,D12_P1,R2,99.88,2,11004.31,7860.87
2022,D12,R2,D12_P1,R2,99.72,3,20913.98,7860.87
2022,D12,R2,D12_P1,R2,104.43,2,14244.41,7860.87
2022,D12,R2,D12_P1,R2,89.94,3,20139.36,7860.87
2022,D12,R2,D12_P1,R2,110.49,3,26271.63,7860.87
2022,D12,R2,D12_P1,R2,91.56,3,26586.65,7860.87
2022,D12,R2,D12_P1,R2,111.3,2,7628.88,7860.87
2022,D12,R2,D12_P1,R2,103.4,1,18809.93,7860.87
2022,D12,R2,D12_P2,R2,91.26,1,24107.7,7860.87
2022,D12,R2,D12_P2,R2,98.22,1,10281.76,7860.87
2022,D12,R2,D12_P2,R2,88.7,3,10136.21,7860.87
2022,D12,R2,D12_P2,R2,91.66,4,19753.68,7860.87
2022,D12,R2,D12_P2,R2,96.95,3,20656.38,7860.87
2022,D12,R2,D12_P2,R2,118.29,2,26740.21,7860.87
2022,D12,R2,D12_P2,R2,118.63,3,6270.91,7860.87
2022,D12,R2,D12_P2,R2,91.36,2,16185.04,7860.87
2022,D12,R2,D12_P3,R2,107.19,1,13970.46,7860.87
2022,D12,R2,D12_P3,R2,104.47,2,12809.61,7860.87
2022,D12,R2,D12_P3,R2,110.5,2,10358.09,7860.87
2022,D12,R2,D12_P3,R2,98.3,5,28214.42,7860.87
2022,D12,R2,D12_P3,R2,83.52,1,16746.95,7860.87
2022,D12,R2,D12_P3,R2,99.71,1,15337.9,7860.87
2022,D12,R2,D12_P3,R2,117.2,4,22945.3,7860.87
2022,D12,R2,D12_P3,R2,107.96,3,5669.59,7860.87
2022,D12,R2,D12_P4,R2,85.58,4,20481.36,7860.87
2022,D12,R2,D12_P4,R2,90.39,3,17376.22,7860.87
2022,D12,R2,D12_P4,R2,97.4,1,8952.51,7860.87
2022,D12,R2,D12_P4,R2,99.93,4,34993.04,7860.87
2022,D12,R2,D12_P4,R2,99.57,2,34180.39,7860.87
2022,D12,R2,D12_P4,R2,118.69,2,10033.67,7860.87
2022,D12,R2,D12_P4,R2,91.3,2,22819.66,7860.87
2022,D12,R2,D12_P4,R2,114.95,3,9656.85,7860.87
2022,D12,R2,D12_P5,R2,88.69,2,13403.85,7860.87
2022,D12,R2,D12_P5,R2,119.53,1,23740.23,7860.87
2022,D12,R2,D12_P5,R2,104.82,1,28910.19,7860.87
2022,D12,R2,D12_P5,R2,112.64,1,11308.81,7860.87
2022,D12,R2,D12_P5,R2,82.27,3,20089.2,7860.87
2022,D12,R2,D12_P5,R2,103.75,1,11346.29,7860.87
2022,D12,R2,D12_P5,R2,90.84,3,12965.88,7860.87
2022,D12,R2,D12_P5,R2,85.9,1,22207.37,7860.87
2022,D12,R2,D12_P6,R2,112.75,1,21928.74,7860.87
2022,D12,R2,D12_P6,R2,83.26,3,17956.68,7860.87
2022,D12,R2,D12_P6,R2,85.31,3,16572.58,7860.87
2022,D12,R2,D12_P6,R2,93.65,3,11310.15,7860.87
2022,D12,R2,D12_P6,R2,80.07,5,9903.04,7860.87
2022,D12,R2,D12_P6,R2,96.99,5,18138.09,7860.87
2022,D12,R2,D12_P6,R2,94.12,2,13088.79,7860.87
2022,D12,R2,D12_P6,R2,112.4,2,7864.09,7860.87
2023,D12,R2,D12_P1,R2,110.04,3,18721.52,8007.27
2023,D12,R2,D12_P1,R2,100.7,1,24150.9,8007.27
2023,D12,R2,D12_P1,R2,81.74,1,21920.58,8007.27
2023,D12,R2,D12_P1,R2,94.48,3,19426.01,8007.27
2023,D12,R2,D12_P1,R2,101.87,3,30887.37,8007.27
2023,D12,R2,D12_P1,R2,111.03,3,10507.62,8007.27
2023,D12,R2,D12_P1,R2,97.81,3,7650.99,8007.27
2023,D12,R2,D12_P1,R2,114.25,1,26080.08,8007.27
2023,D12,R2,D12_P2,R2,100.65,4,8165.26,8007.27
2023,D12,R2,D12_P2,R2,114.04,3,12712.66,8007.27
2023,D12,R2,D12_P2,R2,113.28,4,7281.15,8007.27
2023,D12,R2,D12_P2,R2,87.0,2,9168.06,8007.27
2023,D12,R2,D12_P2,R2,101.11,1,21088.98,8007.27
2023,D12,R2,D12_P2,R2,98.36,1,21378.9,8007.27
2023,D12,R2,D12_P2,R2,106.13,2,14059.06,8007.27
2023,D12,R2,D12_P2,R2,95.72,3,14973.11,8007.27
2023,D12,R2,D12_P3,R2,113.91,2,11888.55,8007.27
2023,D12,R2,D12_P3,R2,88.38,3,23346.16,8007.27
2023,D12,R2,D12_P3,R2,90.89,3,17333.42,8007.27
2023,D12,R2,D12_P3,R2,111.83,3,12749.73,8007.27
2023,D12,R2,D12_P3,R2,86.56,4,12602.53,8007.27
2023,D12,R2,D12_P3,R2,102.29,4,13306.62,8007.27
2023,D12,R2,D12_P3,R2,81.36,1,7262.74,8007.27
2023,D12,R2,D12_P3,R2,90.77,4,13268.48,8007.27
2023,D12,R2,D12_P4,R2,80.22,2,19088.46,8007.27
2023,D12,R2,D12_P4,R2,94.74,3,12681.25,8007.27
2023,D12,R2,D12_P4,R2,90.93,3,7459.04,8007.27
2023,D12,R2,D12_P4,R2,109.9,3,18463.39,8007.27
2023,D12,R2,D12_P4,R2,108.85,1,32669.48,8007.27
2023,D12,R2,D12_P4,R2,96.9,2,19859.6,8007.27
2023,D12,R2,D12_P4,R2,85.97,2,45228.79,8007.27
2023,D12,R2,D12_P4,R2,109.31,3,27771.66,8007.27
2023,D12,R2,D12_P5,R2,108.4,4,44860.63,8007.27
2023,D12,R2,D12_P5,R2,101.75,3,15922.06,8007.27
2023,D12,R2,D12_P5,R2,105.65,1,45500.3,8007.27
2023,D12,R2,D12_P5,R2,82.42,3,24949.77,8007.27
2023,D12,R2,D12_P5,R2,95.05,3,22759.1,8007.27
2023,D12,R2,D12_P5,R2,117.34,2,11715.51,8007.27
2023,D12,R2,D12_P5,R2,117.23,2,22606.34,8007.27
2023,D12,R2,D12_P5,R2,93.05,3,24124.37,8007.27
2023,D12,R2,D12_P6,R2,85.45,4,8420.92,8007.27
2023,D12,R2,D12_P6,R2,87.46,4,14085.87,8007.27
2023,D12,R2,D12_P6,R2,99.43,4,10673.2,8007.27
2023,D12,R2,D12_P6,R2,100.01,3,14358.01,8007.27
2023,D12,R2,D12_P6,R2,81.76,2,26272.53,8007.27
2023,D12,R2,D12_P6,R2,119.83,1,13824.06,8007.27
2023,D12,R2,D12_P6,R2,95.4,1,24126.71,8007.27
2023,D12,R2,D12_P6,R2,101.77,3,7519.67,8007.27
2022,D13,R2,D13_P1,R2,105.0,4,27679.17,7860.87
2022,D13,R2,D13_P1,R2,81.75,3,15517.11,7860.87
2022,D13,R2,D13_P1,R2,107.88,2,6322.41,7860.87
2022,D13,R2,D13_P1,R2,105.32,5,29137.94,7860.87
2022,D13,R2,D13_P1,R2,108.88,3,22101.97,7860.87
2022,D13,R2,D13_P1,R2,88.12,1,20115.48,7860.87
2022,D13,R2,D13_P1,R2,80.29,2,16878.75,7860.87
2022,D13,R2,D13_P1,R2,107.6,3,7592.13,7860.87
2022,D13,R2,D13_P2,R2,91.68,1,22031.45,7860.87
2022,D13,R2,D13_P2,R2,85.69,2,43527.41,7860.87
2022,D13,R2,D13_P2,R2,83.84,1,24449.27,7860.87
2022,D13,R2,D13_P2,R2,93.56,3,21348.79,7860.87
2022,D13,R2,D13_P2,R2,90.88,4,14031.48,7860.87
2022,D13,R2,D13_P2,R2,96.46,3,25082.61,7860.87
2022,D13,R2,D13_P2,R2,84.36,3,28556.51,7860.87
2022,D13,R2,D13_P2,R2,85.53,2,8703.51,7860.87
2022,D13,R2,D13_P3,R2,97.23,1,17388.99,7860.87
2022,D13,R2,D13_P3,R2,108.98,2,12965.84,7860.87
2022,D13,R2,D13_P3,R2,85.88,4,12504.66,7860.87
2022,D13,R2,D13_P3,R2,115.8,2,19644.53,7860.87
2022,D13,R2,D13_P3,R2,94.64,3,32214.0,7860.87
2022,D13,R2,D13_P3,R2,80.81,1,15458.88,7860.87
2022,D13,R2,D13_P3,R2,92.18,5,14609.55,7860.87
2022,D13,R2,D13_P3,R2,108.23,5,15052.07,7860.87
2022,D13,R2,D13_P4,R2,108.6,2,72089.78,7860.87
2022,D13,R2,D13_P4,R2,93.09,3,40603.38,7860.87
2022,D13,R2,D13_P4,R2,103.32,4,25433.73,7860.87
2022,D13,R2,D13_P4,R2,117.55,2,23317.88,7860.87
2022,D13,R2,D13_P4,R2,108.82,5,14346.66,7860.87
2022,D13,R2,D13_P4,R2,92.31,2,16733.17,7860.87
2022,D13,R2,D13_P4,R2,119.77,2,55451.52,7860.87
2022,D13,R2,D13_P4,R2,91.38,3,21772.3,7860.87
2022,D13,R2,D13_P5,R2,96.09,3,27025.23,7860.87
2022,D13,R2,D13_P5,R2,101.8,2,14491.7,7860.87
2022,D13,R2,D13_P5,R2,89.36,5,15217.04,7860.87
2022,D13,R2,D13_P5,R2,81.54,2,22700.93,7860.87
2022,D13,R2,D13_P5,R2,106.92,3,15340.49,7860.87
2022,D13,R2,D13_P5,R2,112.49,2,15775.08,7860.87
2022,D13,R2,D13_P5,R2,106.07,1,21939.19,7860.87
2022,D13,R2,D13_P5,R2,91.47,2,12695.91,7860.87
2022,D13,R2,D13_P6,R2,106.18,1,36785.92,7860.87
2022,D13,R2,D13_P6,R2,111.7,1,13735.53,7860.87
2022,D13,R2,D13_P6,R2,82.54,2,25859.29,7860.87
2022,D13,R2,D13_P6,R2,94.51,7,22707.53,7860.87
2022,D13,R2,D13_P6,R2,99.64,2,13682.33,7860.87
2022,D13,R2,D13_P6,R2,117.75,2,9254.41,7860.87
2022,D13,R2,D13_P6,R2,87.22,1,14357.19,7860.87
2022,D13,R2,D13_P6,R2,108.23,1,20945.35,7860.87
2023,D13,R2,D13_P1,R2,109.7,1,18784.26,8007.27
2023,D13,R2,D13_P1,R2,109.42,2,18923.3,8007.27
2023,D13,R2,D13_P1,R2,84.26,2,11165.86,8007.27
2023,D13,R2,D13_P1,R2,98.48,6,25306.49,8007.27
2023,D13,R2,D13_P1,R2,85.22,2,9250.64,8007.27
2023,D13,R2,D13_P1,R2,100.16,2,32286.49,8007.27
2023,D13,R2,D13_P1,R2,91.73,3,8374.29,8007.27
2023,D13,R2,D13_P1,R2,102.1,2,16116.67,8007.27
2023,D13,R2,D13_P2,R2,115.53,2,20683.34,8007.27
2023,D13,R2,D13_P2,R2,115.35,3,10504.86,8007.27
2023,D13,R2,D13_P2,R2,85.61,2,24902.71,8007.27
2023,D13,R2,D13_P2,R2,107.24,2,11933.11,8007.27
2023,D13,R2,D13_P2,R2,96.61,3,21057.72,8007.27
2023,D13,R2,D13_P2,R2,117.45,3,31856.74,8007.27
2023,D13,R2,D13_P2,R2,115.04,4,22130.19,8007.27
2023,D13,R2,D13_P2,R2,108.22,1,29896.59,8007.27
2023,D13,R2,D13_P3,R2,94.08,3,11773.01,8007.27
2023,D13,R2,D13_P3,R2,97.35,2,25071.12,8007.27
2023,D13,R2,D13_P3,R2,83.34,2,16418.38,8007.27
2023,D13,R2,D13_P3,R2,106.34,5,20488.47,8007.27
2023,D13,R2,D13_P3,R2,80.65,3,16620.88,8007.27
2023,D13,R2,D13_P3,R2,103.7,4,18915.77,8007.27
2023,D13,R2,D13_P3,R2,112.99,1,7029.31,8007.27
2023,D13,R2,D13_P3,R2,89.89,2,57803.41,8007.27
2023,D13,R2,D13_P4,R2,115.4,2,20783.83,8007.27
2023,D13,R2,D13_P4,R2,91.42,2,20570.26,8007.27
2023,D13,R2,D13_P4,R2,81.31,2,25487.36,8007.27
2023,D13,R2,D13_P4,R2,102.99,3,41266.31,8007.27
2023,D13,R2,D13_P4,R2,83.34,3,57803.67,8007.27
2023,D13,R2,D13_P4,R2,108.1,4,49375.23,8007.27
2023,D13,R2,D13_P4,R2,117.34,2,21251.98,8007.27
2023,D13,R2,D13_P4,R2,113.83,4,24317.28,8007.27
2023,D13,R2,D13_P5,R2,98.86,4,23296.76,8007.27
2023,D13,R2,D13_P5,R2,85.14,4,11827.8,8007.27
2023,D13,R2,D13_P5,R2,109.11,5,21224.53,8007.27
2023,D13,R2,D13_P5,R2,87.96,2,13910.66,8007.27
2023,D13,R2,D13_P5,R2,99.45,3,14430.1,8007.27
2023,D13,R2,D13_P5,R2,85.32,2,16975.15,8007.27
2023,D13,R2,D13_P5,R2,93.1,3,14245.32,8007.27
2023,D13,R2,D13_P5,R2,89.19,5,15510.98,8007.27
2023,D13,R2,D13_P6,R2,113.0,2,26862.87,8007.27
2023,D13,R2,D13_P6,R2,104.27,3,10430.49,8007.27
2023,D13,R2,D13_P6,R2,83.71,4,24908.64,8007.27
2023,D13,R2,D13_P6,R2,105.36,1,27475.52,8007.27
2023,D13,R2,D13_P6,R2,90.75,4,17308.85,8007.27
2023,D13,R2,D13_P6,R2,84.81,4,34023.09,8007.27
2023,D13,R2,D13_P6,R2,94.8,1,33077.69,8007.27
2023,D13,R2,D13_P6,R2,98.59,4,37443.36,8007.27
2022,D14,R2,D14_P1,R2,109.65,4,33023.47,7860.87
2022,D14,R2,D14_P1,R2,94.57,3,9975.3,7860.87
2022,D14,R2,D14_P1,R2,103.1,4,11097.29,7860.87
2022,D14,R2,D14_P1,R2,87.59,8,27810.28,7860.87
2022,D14,R2,D14_P1,R2,83.62,3,27454.23,7860.87
2022,D14,R2,D14_P1,R2,83.89,4,20597.03,7860.87
2022,D14,R2,D14_P1,R2,119.62,3,38896.73,7860.87
2022,D14,R2,D14_P1,R2,86.45,1,11473.04,7860.87
2022,D14,R2,D14_P2,R2,115.34,1,9240.69,7860.87
2022,D14,R2,D14_P2,R2,103.7,3,20777.0,7860.87
2022,D14,R2,D14_P2,R2,81.04,1,11315.05,7860.87
2022,D14,R2,D14_P2,R2,116.16,3,10449.54,7860.87
2022,D14,R2,D14_P2,R2,114.45,3,22065.89,7860.87
2022,D14,R2,D14_P2,R2,92.57,2,18423.57,7860.87
2022,D14,R2,D14_P2,R2,111.57,2,14522.81,7860.87
2022,D14,R2,D14_P2,R2,84.46,3,24219.54,7860.87
2022,D14,R2,D14_P3,R2,113.86,1,8227.26,7860.87
2022,D14,R2,D14_P3,R2,89.64,2,27512.69,7860.87
2022,D14,R2,D14_P3,R2,93.53,4,12470.51,7860.87
2022,D14,R2,D14_P3,R2,98.99,1,42864.03,7860.87
2022,D14,R2,D14_P3,R2,88.83,2,12538.4,7860.87
2022,D14,R2,D14_P3,R2,85.66,4,12990.69,7860.87
2022,D14,R2,D14_P3,R2,118.21,2,10768.34,7860.87
2022,D14,R2,D14_P3,R2,101.83,4,7143.41,7860.87
2022,D14,R2,D14_P4,R2,106.7,3,24635.15,7860.87
2022,D14,R2,D14_P4,R2,86.11,1,11563.53,7860.87
2022,D14,R2,D14_P4,R2,98.92,3,12257.52,7860.87
2022,D14,R2,D14_P4,R2,83.77,3,7369.7,7860.87
2022,D14,R2,D14_P4,R2,87.78,1,23560.2,7860.87
2022,D14,R2,D14_P4,R2,115.1,3,18109.48,7860.87
2022,D14,R2,D14_P4,R2,107.23,2,13192.27,7860.87
2022,D14,R2,D14_P4,R2,117.55,3,16324.41,7860.87
2022,D14,R2,D14_P5,R2,89.31,4,11112.25,7860.87
2022,D14,R2,D14_P5,R2,118.27,2,8630.66,7860.87
2022,D14,R2,D14_P5,R2,105.36,4,10230.16,7860.87
2022,D14,R2,D14_P5,R2,96.21,2,9506.43,7860.87
2022,D14,R2,D14_P5,R2,95.73,2,10861.85,7860.87
2022,D14,R2,D14_P5,R2,91.47,2,10302.81,7860.87
2022,D14,R2,D14_P5,R2,90.0,2,13544.77,7860.87
2022,D14,R2,D14_P5,R2,101.89,3,11057.44,7860.87
2022,D14,R2,D14_P6,R2,98.0,2,8570.39,7860.87
2022,D14,R2,D14_P6,R2,117.04,2,16786.97,7860.87
2022,D14,R2,D14_P6,R2,109.85,3,19875.02,7860.87
2022,D14,R2,D14_P6,R2,84.6,2,11715.12,7860.87
2022,D14,R2,D14_P6,R2,107.63,4,28590.56,7860.87
2022,D14,R2,D14_P6,R2,91.77,5,14553.38,7860.87
2022,D14,R2,D14_P6,R2,115.14,4,11263.35,7860.87
2022,D14,R2,D14_P6,R2,101.56,1,15046.32,7860.87
2023,D14,R2,D14_P1,R2,93.13,3,48883.99,8007.27
2023,D14,R2,D14_P1,R2,107.29,2,17048.34,8007.27
2023,D14,R2,D14_P1,R2,119.09,3,28904.6,8007.27
2023,D14,R2,D14_P1,R2,82.64,3,15254.76,8007.27
2023,D14,R2,D14_P1,R2,114.11,3,18135.3,8007.27
2023,D14,R2,D14_P1,R2,89.48,3,48372.8,8007.27
2023,D14,R2,D14_P1,R2,107.46,5,29605.62,8007.27
2023,D14,R2,D14_P1,R2,107.41,2,21545.87,8007.27
2023,D14,R2,D14_P2,R2,90.67,4,11664.84,8007.27
2023,D14,R2,D14_P2,R2,99.15,3,20612.0,8007.27
2023,D14,R2,D14_P2,R2,117.9,5,18299.23,8007.27
2023,D14,R2,D14_P2,R2,104.64,4,13130.15,8007.27
2023,D14,R2,D14_P2,R2,103.64,3,5808.68,8007.27
2023,D14,R2,D14_P2,R2,113.19,1,18756.62,8007.27
2023,D14,R2,D14_P2,R2,115.88,3,28457.34,8007.27
2023,D14,R2,D14_P2,R2,90.14,2,33648.07,8007.27
2023,D14,R2,D14_P3,R2,102.08,4,15074.88,8007.27
2023,D14,R2,D14_P3,R2,87.71,3,17263.93,8007.27
2023,D14,R2,D14_P3,R2,82.26,2,15519.95,8007.27
2023,D14,R2,D14_P3,R2,117.23,3,36651.12,8007.27
2023,D14,R2,D14_P3,R2,105.07,1,12317.88,8007.27
2023,D14,R2,D14_P3,R2,109.96,2,9722.38,8007.27
2023,D14,R2,D14_P3,R2,106.07,2,6854.65,8007.27
2023,D14,R2,D14_P3,R2,92.77,2,10568.34,8007.27
2023,D14,R2,D14_P4,R2,97.22,3,19581.93,8007.27
2023,D14,R2,D14_P4,R2,102.59,2,24873.24,8007.27
2023,D14,R2,D14_P4,R2,89.04,2,11778.54,8007.27
2023,D14,R2,D14_P4,R2,115.62,6,13567.89,8007.27
2023,D14,R2,D14_P4,R2,88.21,1,9651.45,8007.27
2023,D14,R2,D14_P4,R2,99.33,2,7942.1,8007.27
2023,D14,R2,D14_P4,R2,82.97,2,5807.52,8007.27
2023,D14,R2,D14_P4,R2,84.42,5,10115.77,8007.27
2023,D14,R2,D14_P5,R2,82.54,1,21590.87,8007.27
2023,D14,R2,D14_P5,R2,112.9,2,28548.54,8007.27
2023,D14,R2,D14_P5,R2,113.42,3,13164.58,8007.27
2023,D14,R2,D14_P5,R2,98.46,4,17551.83,8007.27
2023,D14,R2,D14_P5,R2,97.83,4,14664.31,8007.27
2023,D14,R2,D14_P5,R2,88.81,4,8495.02,8007.27
2023,D14,R2,D14_P5,R2,103.42,2,22899.0,8007.27
2023,D14,R2,D14_P5,R2,119.53,2,20557.56,8007.27
2023,D14,R2,D14_P6,R2,92.73,2,8608.63,8007.27
2023,D14,R2,D14_P6,R2,81.47,2,22398.73,8007.27
2023,D14,R2,D14_P6,R2,108.4,1,12324.67,8007.27
2023,D14,R2,D14_P6,R2,83.47,3,14983.6,8007.27
2023,D14,R2,D14_P6,R2,88.95,1,16898.44,8007.27
2023,D14,R2,D14_P6,R2,112.3,3,14864.75,8007.27
2023,D14,R2,D14_P6,R2,87.19,3,28323.42,8007.27
2023,D14,R2,D14_P6,R2,94.41,4,22103.44,8007.27
2022,D15,R2,D15_P1,R2,103.77,3,15476.14,7860.87
2022,D15,R2,D15_P1,R2,117.67,4,7455.38,7860.87
2022,D15,R2,D15_P1,R2,105.74,1,6843.65,7860.87
2022,D15,R2,D15_P1,R2,110.6,2,6631.38,7860.87
2022,D15,R2,D15_P1,R2,90.93,3,16142.74,7860.87
2022,D15,R2,D15_P1,R2,118.2,2,5357.06,7860.87
2022,D15,R2,D15_P1,R2,84.09,1,10958.95,7860.87
2022,D15,R2,D15_P1,R2,116.68,3,18831.44,7860.87
2022,D15,R2,D15_P2,R2,108.04,2,12984.73,7860.87
2022,D15,R2,D15_P2,R2,100.21,2,7847.06,7860.87
2022,D15,R2,D15_P2,R2,104.97,5,48471.38,7860.87
2022,D15,R2,D15_P2,R2,110.42,2,17051.41,7860.87
2022,D15,R2,D15_P2,R2,113.12,4,10412.57,7860.87
2022,D15,R2,D15_P2,R2,113.56,1,26488.16,7860.87
2022,D15,R2,D15_P2,R2,89.29,2,11167.17,7860.87
2022,D15,R2,D15_P2,R2,101.05,2,25792.45,7860.87
2022,D15,R2,D15_P3,R2,91.72,1,17697.05,7860.87
2022,D15,R2,D15_P3,R2,109.1,4,15436.63,7860.87
2022,D15,R2,D15_P3,R2,88.45,4,28480.21,7860.87
2022,D15,R2,D15_P3,R2,104.74,4,14268.55,7860.87
2022,D15,R2,D15_P3,R2,118.02,3,22618.13,7860.87
2022,D15,R2,D15_P3,R2,103.82,3,27464.7,7860.87
2022,D15,R2,D15_P3,R2,91.04,5,22320.31,7860.87
2022,D15,R2,D15_P3,R2,98.73,2,13950.81,7860.87
2022,D15,R2,D15_P4,R2,101.73,3,19106.48,7860.87
2022,D15,R2,D15_P4,R2,115.28,1,11784.82,7860.87
2022,D15,R2,D15_P4,R2,95.2,2,7768.26,7860.87
2022,D15,R2,D15_P4,R2,102.98,3,4579.14,7860.87
2022,D15,R2,D15_P4,R2,84.1,1,22311.75,7860.87
2022,D15,R2,D15_P4,R2,103.62,2,6366.71,7860.87
2022,D15,R2,D15_P4,R2,105.54,1,13298.67,7860.87
2022,D15,R2,D15_P4,R2,104.76,1,25185.11,7860.87
2022,D15,R2,D15_P5,R2,89.49,2,17977.66,7860.87
2022,D15,R2,D15_P5,R2,104.08,4,16607.35,7860.87
2022,D15,R2,D15_P5,R2,88.93,3,11291.99,7860.87
2022,D15,R2,D15_P5,R2,93.39,2,16434.1,7860.87
2022,D15,R2,D15_P5,R2,119.67,3,11248.53,7860.87
2022,D15,R2,D15_P5,R2,112.97,5,17101.95,7860.87
2022,D15,R2,D15_P5,R2,81.16,3,17073.16,7860.87
2022,D15,R2,D15_P5,R2,107.76,4,11838.42,7860.87
2022,D15,R2,D15_P6,R2,102.21,4,12647.08,7860.87
2022,D15,R2,D15_P6,R2,97.75,2,13226.11,7860.87
2022,D15,R2,D15_P6,R2,102.5,5,11984.81,7860.87
2022,D15,R2,D15_P6,R2,85.41,4,8678.67,7860.87
2022,D15,R2,D15_P6,R2,100.34,3,11538.44,7860.87
2022,D15,R2,D15_P6,R2,99.93,2,19208.24,7860.87
2022,D15,R2,D15_P6,R2,102.88,4,12344.12,7860.87
2022,D15,R2,D15_P6,R2,116.36,2,13796.28,7860.87
2023,D15,R2,D15_P1,R2,106.57,6,9033.1,8007.27
2023,D15,R2,D15_P1,R2,83.29,4,24528.3,8007.27
2023,D15,R2,D15_P1,R2,111.08,3,16548.5,8007.27
2023,D15,R2,D15_P1,R2,104.1,4,13442.08,8007.27
2023,D15,R2,D15_P1,R2,89.44,4,18522.48,8007.27
2023,D15,R2,D15_P1,R2,80.97,2,10505.1,8007.27
2023,D15,R2,D15_P1,R2,109.96,2,12007.83,8007.27
2023,D15,R2,D15_P1,R2,118.14,5,19929.83,8007.27
2023,D15,R2,D15_P2,R2,104.75,2,17784.14,8007.27
2023,D15,R2,D15_P2,R2,118.94,2,7627.16,8007.27
2023,D15,R2,D15_P2,R2,107.67,2,12977.92,8007.27
2023,D15,R2,D15_P2,R2,87.74,3,15524.7,8007.27
2023,D15,R2,D15_P2,R2,105.68,3,9069.45,8007.27
2023,D15,R2,D15_P2,R2,97.96,3,16396.68,8007.27
2023,D15,R2,D15_P2,R2,112.47,2,7643.4,8007.27
2023,D15,R2,D15_P2,R2,92.86,2,16693.94,8007.27
2023,D15,R2,D15_P3,R2,80.45,1,23987.76,8007.27
2023,D15,R2,D15_P3,R2,104.64,2,21087.13,8007.27
2023,D15,R2,D15_P3,R2,119.11,4,13717.6,8007.27
2023,D15,R2,D15_P3,R2,89.31,1,30775.47,8007.27
2023,D15,R2,D15_P3,R2,117.37,3,25315.25,8007.27
2023,D15,R2,D15_P3,R2,84.41,1,12433.71,8007.27
2023,D15,R2,D15_P3,R2,107.58,1,27357.67,8007.27
2023,D15,R2,D15_P3,R2,85.15,3,10371.35,8007.27
2023,D15,R2,D15_P4,R2,104.35,1,22492.92,8007.27
2023,D15,R2,D15_P4,R2,114.51,3,16356.67,8007.27
2023,D15,R2,D15_P4,R2,106.69,2,15886.66,8007.27
2023,D15,R2,D15_P4,R2,93.84,4,17233.7,8007.27
2023,D15,R2,D15_P4,R2,99.17,4,14352.16,8007.27
2023,D15,R2,D15_P4,R2,83.0,5,10069.68,8007.27
2023,D15,R2,D15_P4,R2,110.29,4,14613.75,8007.27
2023,D15,R2,D15_P4,R2,96.9,2,8551.0,8007.27
2023,D15,R2,D15_P5,R2,102.82,2,12421.79,8007.27
2023,D15,R2,D15_P5,R2,88.22,2,5645.27,8007.27
2023,D15,R2,D15_P5,R2,88.12,2,13332.06,8007.27
2023,D15,R2,D15_P5,R2,116.34,2,9497.36,8007.27
2023,D15,R2,D15_P5,R2,114.48,3,22692.55,8007.27
2023,D15,R2,D15_P5,R2,88.31,2,12576.72,8007.27
2023,D15,R2,D15_P5,R2,92.03,2,20293.69,8007.27
2023,D15,R2,D15_P5,R2,105.98,3,22709.99,8007.27
2023,D15,R2,D15_P6,R2,98.58,2,6023.9,8007.27
2023,D15,R2,D15_P6,R2,100.75,3,18905.42,8007.27
2023,D15,R2,D15_P6,R2,118.84,1,11772.31,8007.27
2023,D15,R2,D15_P6,R2,111.21,2,22285.59,8007.27
2023,D15,R2,D15_P6,R2,89.97,2,8975.2,8007.27
2023,D15,R2,D15_P6,R2,117.51,2,7636.92,8007.27
2023,D15,R2,D15_P6,R2,94.34,4,12169.13,8007.27
2023,D15,R2,D15_P6,R2,80.39,5,21137.2,8007.27
2022,D16,R2,D16_P1,R2,95.76,4,20039.82,7860.87
2022,D16,R2,D16_P1,R2,115.22,4,5909.91,7860.87
2022,D16,R2,D16_P1,R2,96.84,1,18011.64,7860.87
2022,D16,R2,D16_P1,R2,115.21,4,8201.61,7860.87
2022,D16,R2,D16_P1,R2,99.05,3,6470.72,7860.87
2022,D16,R2,D16_P1,R2,100.53,2,8862.08,7860.87
2022,D16,R2,D16_P1,R2,104.66,4,6677.19,7860.87
2022,D16,R2,D16_P1,R2,115.16,2,7590.42,7860.87
2022,D16,R2,D16_P2,R2,94.37,3,8930.09,7860.87
2022,D16,R2,D16_P2,R2,109.26,2,7223.16,7860.87
2022,D16,R2,D16_P2,R2,112.13,5,7727.02,7860.87
2022,D16,R2,D16_P2,R2,104.69,1,5425.78,7860.87
2022,D16,R2,D16_P2,R2,84.48,2,7102.9,7860.87
2022,D16,R2,D16_P2,R2,103.28,3,11683.56,7860.87
2022,D16,R2,D16_P2,R2,97.18,2,5344.47,7860.87
2022,D16,R2,D16_P2,R2,105.62,3,7293.47,7860.87
2022,D16,R2,D16_P3,R2,92.88,4,10472.15,7860.87
2022,D16,R2,D16_P3,R2,104.08,2,3554.2,7860.87
2022,D16,R2,D16_P3,R2,101.3,4,6229.97,7860.87
2022,D16,R2,D16_P3,R2,89.73,1,7346.15,7860.87
2022,D16,R2,D16_P3,R2,101.83,4,7812.27,7860.87
2022,D16,R2,D16_P3,R2,104.28,2,16589.02,7860.87
2022,D16,R2,D16_P3,R2,88.92,2,6102.54,7860.87
2022,D16,R2,D16_P3,R2,81.74,1,10833.83,7860.87
2022,D16,R2,D16_P4,R2,92.95,4,8170.26,7860.87
2022,D16,R2,D16_P4,R2,96.65,4,16128.95,7860.87
2022,D16,R2,D16_P4,R2,86.14,1,17008.41,7860.87
2022,D16,R2,D16_P4,R2,111.07,1,5653.09,7860.87
2022,D16,R2,D16_P4,R2,112.34,2,6556.25,7860.87
2022,D16,R2,D16_P4,R2,112.87,1,11585.16,7860.87
2022,D16,R2,D16_P4,R2,89.63,1,4405.44,7860.87
2022,D16,R2,D16_P4,R2,88.62,3,6794.31,7860.87
2022,D16,R2,D16_P5,R2,105.41,3,5094.38,7860.87
2022,D16,R2,D16_P5,R2,115.07,5,3926.69,7860.87
2022,D16,R2,D16_P5,R2,98.82,3,10550.31,7860.87
2022,D16,R2,D16_P5,R2,114.78,2,6196.52,7860.87
2022,D16,R2,D16_P5,R2,81.92,1,4795.57,7860.87
2022,D16,R2,D16_P5,R2,108.41,5,7407.36,7860.87
2022,D16,R2,D16_P5,R2,103.41,2,8918.25,7860.87
2022,D16,R2,D16_P5,R2,109.22,1,4590.96,7860.87
2022,D16,R2,D16_P6,R2,89.85,2,9386.58,7860.87
2022,D16,R2,D16_P6,R2,106.94,3,5696.48,7860.87
2022,D16,R2,D16_P6,R2,109.54,2,6658.1,7860.87
2022,D16,R2,D16_P6,R2,95.35,2,4807.55,7860.87
2022,D16,R2,D16_P6,R2,107.95,3,8528.99,7860.87
2022,D16,R2,D16_P6,R2,110.29,2,5079.32,7860.87
2022,D16,R2,D16_P6,R2,103.74,4,5192.59,7860.87
2022,D16,R2,D16_P6,R2,84.18,3,17919.61,7860.87
2023,D16,R2,D16_P1,R2,117.5,2,5219.36,8007.27
2023,D16,R2,D16_P1,R2,111.62,3,8915.8,8007.27
2023,D16,R2,D16_P1,R2,96.11,3,9113.41,8007.27
2023,D16,R2,D16_P1,R2,84.94,3,6428.34,8007.27
2023,D16,R2,D16_P1,R2,107.6,1,12364.36,8007.27
2023,D16,R2,D16_P1,R2,100.51,4,21756.39,8007.27
2023,D16,R2,D16_P1,R2,96.89,2,9602.74,8007.27
2023,D16,R2,D16_P1,R2,107.83,3,4084.69,8007.27
2023,D16,R2,D16_P2,R2,82.15,3,13532.61,8007.27
2023,D16,R2,D16_P2,R2,114.82,4,10989.34,8007.27
2023,D16,R2,D16_P2,R2,88.6,2,6147.67,8007.27
2023,D16,R2,D16_P2,R2,105.29,1,23241.66,8007.27
2023,D16,R2,D16_P2,R2,86.87,6,5221.65,8007.27
2023,D16,R2,D16_P2,R2,95.46,3,5732.78,8007.27
2023,D16,R2,D16_P2,R2,106.09,3,5303.17,8007.27
2023,D16,R2,D16_P2,R2,89.94,2,12076.87,8007.27
2023,D16,R2,D16_P3,R2,112.55,2,12586.96,8007.27
2023,D16,R2,D16_P3,R2,96.05,2,8189.29,8007.27
2023,D16,R2,D16_P3,R2,88.99,4,3925.59,8007.27
2023,D16,R2,D16_P3,R2,111.01,3,9147.1,8007.27
2023,D16,R2,D16_P3,R2,97.14,2,7839.19,8007.27
2023,D16,R2,D16_P3,R2,90.51,3,12781.55,8007.27
2023,D16,R2,D16_P3,R2,112.8,2,6233.47,8007.27
2023,D16,R2,D16_P3,R2,107.14,3,7183.07,8007.27
2023,D16,R2,D16_P4,R2,101.66,1,12966.45,8007.27
2023,D16,R2,D16_P4,R2,95.55,3,13887.64,8007.27
2023,D16,R2,D16_P4,R2,88.43,2,4580.49,8007.27
2023,D16,R2,D16_P4,R2,89.58,2,6085.76,8007.27
2023,D16,R2,D16_P4,R2,80.3,2,9081.43,8007.27
2023,D16,R2,D16_P4,R2,89.69,3,6605.08,8007.27
2023,D16,R2,D16_P4,R2,116.78,1,7735.29,8007.27
2023,D16,R2,D16_P4,R2,102.44,3,5211.43,8007.27
2023,D16,R2,D16_P5,R2,104.79,2,8066.12,8007.27
2023,D16,R2,D16_P5,R2,86.63,3,8392.48,8007.27
2023,D16,R2,D16_P5,R2,114.82,3,5959.47,8007.27
2023,D16,R2,D16_P5,R2,113.27,5,8132.82,8007.27
2023,D16,R2,D16_P5,R2,116.84,7,5692.55,8007.27
2023,D16,R2,D16_P5,R2,116.07,1,4220.14,8007.27
2023,D16,R2,D16_P5,R2,105.54,2,10303.48,8007.27
2023,D16,R2,D16_P5,R2,91.61,3,8804.77,8007.27
2023,D16,R2,D16_P6,R2,99.45,1,4047.28,8007.27
2023,D16,R2,D16_P6,R2,89.38,1,13504.3,8007.27
2023,D16,R2,D16_P6,R2,98.96,3,9311.79,8007.27
2023,D16,R2,D16_P6,R2,97.04,2,4672.81,8007.27
2023,D16,R2,D16_P6,R2,116.11,5,7555.82,8007.27
2023,D16,R2,D16_P6,R2,87.52,2,12008.26,8007.27
2023,D16,R2,D16_P6,R2,84.87,2,9249.79,8007.27
2023,D16,R2,D16_P6,R2,116.35,1,9739.33,8007.27
2022,D17,R3,D17_P1,R3,101.99,2,16422.21,7860.87
2022,D17,R3,D17_P1,R3,118.21,5,8097.86,7860.87
2022,D17,R3,D17_P1,R3,115.1,3,20770.75,7860.87
2022,D17,R3,D17_P1,R3,92.24,8,10538.83,7860.87
2022,D17,R3,D17_P1,R3,91.66,2,12386.17,7860.87
2022,D17,R3,D17_P1,R3,108.78,3,6124.94,7860.87
2022,D17,R3,D17_P1,R3,96.21,4,8580.24,7860.87
2022,D17,R3,D17_P1,R3,94.1,3,10851.75,7860.87
2022,D17,R3,D17_P2,R3,107.16,5,21696.04,7860.87
2022,D17,R3,D17_P2,R3,89.0,2,20737.48,7860.87
2022,D17,R3,D17_P2,R3,87.1,2,10518.81,7860.87
2022,D17,R3,D17_P2,R3,85.96,3,11311.54,7860.87
2022,D17,R3,D17_P2,R3,113.08,2,22856.23,7860.87
2022,D17,R3,D17_P2,R3,105.04,2,14075.73,7860.87
2022,D17,R3,D17_P2,R3,98.52,2,32742.47,7860.87
2022,D17,R3,D17_P2,R3,87.5,2,30112.25,7860.87
2022,D17,R3,D17_P3,R3,98.25,5,14421.83,7860.87
2022,D17,R3,D17_P3,R3,81.63,1,13373.11,7860.87
2022,D17,R3,D17_P3,R3,85.99,2,11257.41,7860.87
2022,D17,R3,D17_P3,R3,85.06,3,7597.81,7860.87
2022,D17,R3,D17_P3,R3,91.79,2,20948.13,7860.87
2022,D17,R3,D17_P3,R3,97.85,2,16624.94,7860.87
2022,D17,R3,D17_P3,R3,104.06,2,26648.75,7860.87
2022,D17,R3,D17_P3,R3,84.17,2,14584.83,7860.87
2022,D17,R3,D17_P4,R3,115.26,4,5688.69,7860.87
2022,D17,R3,D17_P4,R3,115.09,3,12708.31,7860.87
2022,D17,R3,D17_P4,R3,95.21,1,4547.0,7860.87
2022,D17,R3,D17_P4,R3,107.97,3,8752.21,7860.87
2022,D17,R3,D17_P4,R3,115.84,4,9899.51,7860.87
2022,D17,R3,D17_P4,R3,93.27,2,8528.65,7860.87
2022,D17,R3,D17_P4,R3,114.4,4,5924.48,7860.87
2022,D17,R3,D17_P4,R3,105.99,2,3749.17,7860.87
2022,D17,R3,D17_P5,R3,88.39,1,15931.1,7860.87
2022,D17,R3,D17_P5,R3,102.36,2,9098.3,7860.87
2022,D17,R3,D17_P5,R3,105.84,2,7749.46,7860.87
2022,D17,R3,D17_P5,R3,104.81,2,18764.83,7860.87
2022,D17,R3,D17_P5,R3,112.36,1,8947.15,7860.87
2022,D17,R3,D17_P5,R3,91.71,2,5651.78,7860.87
2022,D17,R3,D17_P5,R3,88.84,1,16926.11,7860.87
2022,D17,R3,D17_P5,R3,89.19,3,9102.79,7860.87
2022,D17,R3,D17_P6,R3,116.36,2,10920.73,7860.87
2022,D17,R3,D17_P6,R3,81.98,3,32055.96,7860.87
2022,D17,R3,D17_P6,R3,118.21,3,15832.2,7860.87
2022,D17,R3,D17_P6,R3,109.46,2,7694.37,7860.87
2022,D17,R3,D17_P6,R3,83.77,2,6654.69,7860.87
2022,D17,R3,D17_P6,R3,83.48,2,9910.82,7860.87
2022,D17,R3,D17_P6,R3,100.57,3,8297.76,7860.87
2022,D17,R3,D17_P6,R3,102.61,2,9508.03,7860.87
2023,D17,R3,D17_P1,R3,83.56,2,6779.59,8007.27
2023,D17,R3,D17_P1,R3,91.49,1,5887.63,8007.27
2023,D17,R3,D17_P1,R3,81.44,4,20966.99,8007.27
2023,D17,R3,D17_P1,R3,82.06,4,9767.96,8007.27
2023,D17,R3,D17_P1,R3,89.09,2,2965.7,8007.27
2023,D17,R3,D17_P1,R3,81.99,2,10971.34,8007.27
2023,D17,R3,D17_P1,R3,103.76,2,20671.58,8007.27
2023,D17,R3,D17_P1,R3,113.55,3,28816.64,8007.27
2023,D17,R3,D17_P2,R3,102.17,3,19968.85,8007.27
2023,D17,R3,D17_P2,R3,104.12,2,25393.85,8007.27
2023,D17,R3,D17_P2,R3,85.73,2,20935.14,8007.27
2023,D17,R3,D17_P2,R3,108.25,3,19764.81,8007.27
2023,D17,R3,D17_P2,R3,86.7,1,12075.83,8007.27
2023,D17,R3,D17_P2,R3,116.45,3,19979.7,8007.27
2023,D17,R3,D17_P2,R3,87.15,1,18938.8,8007.27
2023,D17,R3,D17_P2,R3,104.61,4,10176.23,8007.27
2023,D17,R3,D17_P3,R3,115.6,5,8265.52,8007.27
2023,D17,R3,D17_P3,R3,93.11,3,7205.0,8007.27
2023,D17,R3,D17_P3,R3,109.63,5,12118.79,8007.27
2023,D17,R3,D17_P3,R3,110.39,3,14923.31,8007.27
2023,D17,R3,D17_P3,R3,118.45,3,15586.13,8007.27
2023,D17,R3,D17_P3,R3,107.48,4,9829.16,8007.27
2023,D17,R3,D17_P3,R3,91.93,4,32505.73,8007.27
2023,D17,R3,D17_P3,R3,80.63,4,17328.07,8007.27
2023,D17,R3,D17_P4,R3,102.57,2,9758.31,8007.27
2023,D17,R3,D17_P4,R3,114.55,3,9694.78,8007.27
2023,D17,R3,D17_P4,R3,106.7,5,11537.33,8007.27
2023,D17,R3,D17_P4,R3,96.37,2,5946.76,8007.27
2023,D17,R3,D17_P4,R3,89.85,2,4987.66,8007.27
2023,D17,R3,D17_P4,R3,104.49,3,7918.18,8007.27
2023,D17,R3,D17_P4,R3,102.37,2,12294.58,8007.27
2023,D17,R3,D17_P4,R3,116.33,2,6494.49,8007.27
2023,D17,R3,D17_P5,R3,103.2,3,16627.97,8007.27
2023,D17,R3,D17_P5,R3,113.14,2,7074.2,8007.27
2023,D17,R3,D17_P5,R3,82.12,1,8740.35,8007.27
2023,D17,R3,D17_P5,R3,90.5,3,15748.32,8007.27
2023,D17,R3,D17_P5,R3,115.66,1,11444.29,8007.27
2023,D17,R3,D17_P5,R3,108.04,3,11545.52,8007.27
2023,D17,R3,D17_P5,R3,118.3,3,14580.07,8007.27
2023,D17,R3,D17_P5,R3,105.9,3,7949.92,8007.27
2023,D17,R3,D17_P6,R3,92.11,5,11616.94,8007.27
2023,D17,R3,D17_P6,R3,84.04,3,9046.63,8007.27
2023,D17,R3,D17_P6,R3,113.7,2,13278.27,8007.27
2023,D17,R3,D17_P6,R3,87.3,2,6034.58,8007.27
2023,D17,R3,D17_P6,R3,96.43,2,5441.01,8007.27
2023,D17,R3,D17_P6,R3,114.81,4,21357.66,8007.27
2023,D17,R3,D17_P6,R3,94.36,3,26821.81,8007.27
2023,D17,R3,D17_P6,R3,92.5,1,7184.35,8007.27
2022,D18,R3,D18_P1,R3,106.67,5,2713.59,7860.87
2022,D18,R3,D18_P1,R3,111.55,3,5348.32,7860.87
2022,D18,R3,D18_P1,R3,111.74,2,3933.06,7860.87
2022,D18,R3,D18_P1,R3,81.45,1,4332.07,7860.87
2022,D18,R3,D18_P1,R3,86.42,1,6299.57,7860.87
2022,D18,R3,D18_P1,R3,91.72,2,5940.9,7860.87
2022,D18,R3,D18_P1,R3,104.53,1,4317.36,7860.87
2022,D18,R3,D18_P1,R3,105.1,6,7050.87,7860.87
2022,D18,R3,D18_P2,R3,92.11,1,8279.08,7860.87
2022,D18,R3,D18_P2,R3,104.12,3,6631.65,7860.87
2022,D18,R3,D18_P2,R3,90.49,1,13073.16,7860.87
2022,D18,R3,D18_P2,R3,85.2,2,12916.82,7860.87
2022,D18,R3,D18_P2,R3,80.85,2,4637.15,7860.87
2022,D18,R3,D18_P2,R3,81.43,3,10025.28,7860.87
2022,D18,R3,D18_P2,R3,98.42,4,11124.53,7860.87
2022,D18,R3,D18_P2,R3,97.71,2,4137.62,7860.87
2022,D18,R3,D18_P3,R3,111.83,1,8148.46,7860.87
2022,D18,R3,D18_P3,R3,83.12,3,2579.99,7860.87
2022,D18,R3,D18_P3,R3,104.49,6,4314.63,7860.87
2022,D18,R3,D18_P3,R3,94.16,7,6920.33,7860.87
2022,D18,R3,D18_P3,R3,102.2,3,6207.17,7860.87
2022,D18,R3,D18_P3,R3,107.88,2,6923.69,7860.87
2022,D18,R3,D18_P3,R3,107.84,6,4310.51,7860.87
2022,D18,R3,D18_P3,R3,86.39,3,2211.47,7860.87
2022,D18,R3,D18_P4,R3,92.95,4,3735.39,7860.87
2022,D18,R3,D18_P4,R3,82.14,1,3285.23,7860.87
2022,D18,R3,D18_P4,R3,87.22,4,5482.12,7860.87
2022,D18,R3,D18_P4,R3,98.75,1,8150.96,7860.87
2022,D18,R3,D18_P4,R3,81.98,2,4357.91,7860.87
2022,D18,R3,D18_P4,R3,102.14,2,4991.0,7860.87
2022,D18,R3,D18_P4,R3,95.39,4,4854.18,7860.87
2022,D18,R3,D18_P4,R3,113.58,2,3321.36,7860.87
2022,D18,R3,D18_P5,R3,100.11,1,4973.14,7860.87
2022,D18,R3,D18_P5,R3,104.58,6,4713.18,7860.87
2022,D18,R3,D18_P5,R3,93.23,5,4144.73,7860.87
2022,D18,R3,D18_P5,R3,113.02,3,7344.17,7860.87
2022,D18,R3,D18_P5,R3,101.32,5,5323.41,7860.87
2022,D18,R3,D18_P5,R3,98.24,2,10468.49,7860.87
2022,D18,R3,D18_P5,R3,107.46,1,8775.53,7860.87
2022,D18,R3,D18_P5,R3,97.48,1,3665.13,7860.87
2022,D18,R3,D18_P6,R3,85.8,3,7169.82,7860.87
2022,D18,R3,D18_P6,R3,96.18,2,4777.09,7860.87
2022,D18,R3,D18_P6,R3,115.51,2,3741.63,7860.87
2022,D18,R3,D18_P6,R3,114.67,3,6909.87,7860.87
2022,D18,R3,D18_P6,R3,100.8,5,2324.85,7860.87
2022,D18,R3,D18_P6,R3,86.01,2,6315.8,7860.87
2022,D18,R3,D18_P6,R3,104.83,3,12015.01,7860.87
2022,D18,R3,D18_P6,R3,113.01,4,7659.49,7860.87
2023,D18,R3,D18_P1,R3,91.37,3,3909.78,8007.27
2023,D18,R3,D18_P1,R3,107.93,3,8403.04,8007.27
2023,D18,R3,D18_P1,R3,80.82,2,3771.81,8007.27
2023,D18,R3,D18_P1,R3,88.95,2,2566.38,8007.27
2023,D18,R3,D18_P1,R3,113.16,2,4961.77,8007.27
2023,D18,R3,D18_P1,R3,100.55,2,6282.57,8007.27
2023,D18,R3,D18_P1,R3,80.65,2,3875.53,8007.27
2023,D18,R3,D18_P1,R3,114.26,3,13834.89,8007.27
2023,D18,R3,D18_P2,R3,86.09,2,3658.86,8007.27
2023,D18,R3,D18_P2,R3,99.25,6,8494.53,8007.27
2023,D18,R3,D18_P2,R3,91.88,3,5743.32,8007.27
2023,D18,R3,D18_P2,R3,102.83,2,6715.5,8007.27
2023,D18,R3,D18_P2,R3,89.03,4,2914.16,8007.27
2023,D18,R3,D18_P2,R3,89.03,2,7823.55,8007.27
2023,D18,R3,D18_P2,R3,110.03,4,5388.01,8007.27
2023,D18,R3,D18_P2,R3,93.91,2,6599.03,8007.27
2023,D18,R3,D18_P3,R3,95.17,4,11210.04,8007.27
2023,D18,R3,D18_P3,R3,110.01,4,3988.6,8007.27
2023,D18,R3,D18_P3,R3,118.86,5,5896.71,8007.27
2023,D18,R3,D18_P3,R3,107.56,2,2465.62,8007.27
2023,D18,R3,D18_P3,R3,94.96,3,11136.4,8007.27
2023,D18,R3,D18_P3,R3,106.43,2,8861.12,8007.27
2023,D18,R3,D18_P3,R3,94.46,3,5551.33,8007.27
2023,D18,R3,D18_P3,R3,109.87,3,5750.56,8007.27
2023,D18,R3,D18_P4,R3,119.65,3,7898.21,8007.27
2023,D18,R3,D18_P4,R3,113.78,1,9331.48,8007.27
2023,D18,R3,D18_P4,R3,112.46,2,2897.37,8007.27
2023,D18,R3,D18_P4,R3,94.66,3,9042.49,8007.27
2023,D18,R3,D18_P4,R3,109.61,4,6736.38,8007.27
2023,D18,R3,D18_P4,R3,106.41,2,8816.27,8007.27
2023,D18,R3,D18_P4,R3,84.17,4,10629.67,8007.27
2023,D18,R3,D18_P4,R3,119.72,4,5412.45,8007.27
2023,D18,R3,D18_P5,R3,89.68,3,2310.15,8007.27
2023,D18,R3,D18_P5,R3,87.36,4,4032.01,8007.27
2023,D18,R3,D18_P5,R3,116.06,1,6724.4,8007.27
2023,D18,R3,D18_P5,R3,109.89,2,7342.11,8007.27
2023,D18,R3,D18_P5,R3,117.73,2,15398.58,8007.27
2023,D18,R3,D18_P5,R3,82.57,6,4951.17,8007.27
2023,D18,R3,D18_P5,R3,102.14,2,10759.66,8007.27
2023,D18,R3,D18_P5,R3,89.25,3,6522.6,8007.27
2023,D18,R3,D18_P6,R3,80.41,3,9391.08,8007.27
2023,D18,R3,D18_P6,R3,118.49,5,2780.63,8007.27
2023,D18,R3,D18_P6,R3,86.0,1,5485.85,8007.27
2023,D18,R3,D18_P6,R3,86.4,2,4780.93,8007.27
2023,D18,R3,D18_P6,R3,103.94,4,6123.62,8007.27
2023,D18,R3,D18_P6,R3,95.63,4,12539.06,8007.27
2023,D18,R3,D18_P6,R3,89.32,3,9032.28,8007.27
2023,D18,R3,D18_P6,R3,89.6,2,9339.67,8007.27
2022,D19,R3,D19_P1,R3,112.77,3,12269.84,7860.87
2022,D19,R3,D19_P1,R3,100.6,3,20098.48,7860.87
2022,D19,R3,D19_P1,R3,87.39,3,9705.58,7860.87
2022,D19,R3,D19_P1,R3,104.73,5,8536.31,7860.87
2022,D19,R3,D19_P1,R3,89.79,3,8009.35,7860.87
2022,D19,R3,D19_P1,R3,89.93,1,6080.73,7860.87
2022,D19,R3,D19_P1,R3,93.11,2,10360.58,7860.87
2022,D19,R3,D19_P1,R3,102.22,1,33540.77,7860.87
2022,D19,R3,D19_P2,R3,82.51,2,10014.94,7860.87
2022,D19,R3,D19_P2,R3,114.5,1,7153.0,7860.87
2022,D19,R3,D19_P2,R3,83.72,6,11967.31,7860.87
2022,D19,R3,D19_P2,R3,104.38,3,13271.33,7860.87
2022,D19,R3,D19_P2,R3,112.29,1,3615.97,7860.87
2022,D19,R3,D19_P2,R3,99.83,2,3920.54,7860.87
2022,D19,R3,D19_P2,R3,112.66,2,16377.07,7860.87
2022,D19,R3,D19_P2,R3,87.87,4,7802.87,7860.87
2022,D19,R3,D19_P3,R3,96.05,4,13662.62,7860.87
2022,D19,R3,D19_P3,R3,100.7,4,19228.72,7860.87
2022,D19,R3,D19_P3,R3,80.21,1,10021.22,7860.87
2022,D19,R3,D19_P3,R3,100.69,3,17582.4,7860.87
2022,D19,R3,D19_P3,R3,81.43,1,9850.59,7860.87
2022,D19,R3,D19_P3,R3,109.26,3,14944.85,7860.87
2022,D19,R3,D19_P3,R3,116.27,4,18208.72,7860.87
2022,D19,R3,D19_P3,R3,99.67,2,9729.88,7860.87
2022,D19,R3,D19_P4,R3,81.46,3,6669.19,7860.87
2022,D19,R3,D19_P4,R3,111.36,3,12295.21,7860.87
2022,D19,R3,D19_P4,R3,115.56,1,16848.77,7860.87
2022,D19,R3,D19_P4,R3,85.53,1,14197.14,7860.87
2022,D19,R3,D19_P4,R3,106.94,2,31303.12,7860.87
2022,D19,R3,D19_P4,R3,104.95,2,15305.92,7860.87
2022,D19,R3,D19_P4,R3,95.27,3,9417.35,7860.87
2022,D19,R3,D19_P4,R3,113.68,1,6250.66,7860.87
2022,D19,R3,D19_P5,R3,102.56,4,5277.07,7860.87
2022,D19,R3,D19_P5,R3,89.48,3,20630.23,7860.87
2022,D19,R3,D19_P5,R3,81.79,2,31921.51,7860.87
2022,D19,R3,D19_P5,R3,109.41,4,15677.03,7860.87
2022,D19,R3,D19_P5,R3,86.96,3,13308.73,7860.87
2022,D19,R3,D19_P5,R3,84.77,1,7823.45,7860.87
2022,D19,R3,D19_P5,R3,94.51,1,13081.59,7860.87
2022,D19,R3,D19_P5,R3,90.44,5,15427.61,7860.87
2022,D19,R3,D19_P6,R3,115.27,1,12206.42,7860.87
2022,D19,R3,D19_P6,R3,104.19,3,13824.65,7860.87
2022,D19,R3,D19_P6,R3,118.52,3,16596.77,7860.87
2022,D19,R3,D19_P6,R3,103.56,2,33253.7,7860.87
2022,D19,R3,D19_P6,R3,110.28,1,18573.35,7860.87
2022,D19,R3,D19_P6,R3,104.6,2,9192.98,7860.87
2022,D19,R3,D19_P6,R3,84.69,3,31008.89,7860.87
2022,D19,R3,D19_P6,R3,110.52,2,17934.62,7860.87
2023,D19,R3,D19_P1,R3,95.11,4,19150.0,8007.27
2023,D19,R3,D19_P1,R3,103.7,1,7665.46,8007.27
2023,D19,R3,D19_P1,R3,91.76,3,11512.66,8007.27
2023,D19,R3,D19_P1,R3,107.91,4,19782.23,8007.27
2023,D19,R3,D19_P1,R3,91.05,3,7722.56,8007.27
2023,D19,R3,D19_P1,R3,82.59,2,13161.85,8007.27
2023,D19,R3,D19_P1,R3,116.35,3,9462.9,8007.27
2023,D19,R3,D19_P1,R3,111.67,3,13511.68,8007.27
2023,D19,R3,D19_P2,R3,90.02,2,11272.72,8007.27
2023,D19,R3,D19_P2,R3,90.07,2,5571.4,8007.27
2023,D19,R3,D19_P2,R3,102.54,2,7892.74,8007.27
2023,D19,R3,D19_P2,R3,106.59,2,4901.77,8007.27
2023,D19,R3,D19_P2,R3,82.98,2,11556.17,8007.27
2023,D19,R3,D19_P2,R3,91.06,1,6318.39,8007.27
2023,D19,R3,D19_P2,R3,110.51,2,10109.9,8007.27
2023,D19,R3,D19_P2,R3,106.06,3,13467.32,8007.27
2023,D19,R3,D19_P3,R3,83.48,3,9795.94,8007.27
2023,D19,R3,D19_P3,R3,103.35,4,9001.8,8007.27
2023,D19,R3,D19_P3,R3,89.22,1,20637.27,8007.27
2023,D19,R3,D19_P3,R3,115.47,4,7802.35,8007.27
2023,D19,R3,D19_P3,R3,108.24,4,15765.9,8007.27
2023,D19,R3,D19_P3,R3,91.47,4,31363.45,8007.27
2023,D19,R3,D19_P3,R3,88.8,2,13109.48,8007.27
2023,D19,R3,D19_P3,R3,85.11,1,9857.29,8007.27
2023,D19,R3,D19_P4,R3,91.66,2,18076.05,8007.27
2023,D19,R3,D19_P4,R3,81.89,2,4455.24,8007.27
2023,D19,R3,D19_P4,R3,117.68,5,5500.58,8007.27
2023,D19,R3,D19_P4,R3,102.2,3,13301.84,8007.27
2023,D19,R3,D19_P4,R3,84.03,4,16642.48,8007.27
2023,D19,R3,D19_P4,R3,116.46,1,13134.51,8007.27
2023,D19,R3,D19_P4,R3,109.34,3,14350.82,8007.27
2023,D19,R3,D19_P4,R3,114.88,1,9124.69,8007.27
2023,D19,R3,D19_P5,R3,112.57,4,24729.57,8007.27
2023,D19,R3,D19_P5,R3,84.52,1,18039.11,8007.27
2023,D19,R3,D19_P5,R3,81.01,3,13900.64,8007.27
2023,D19,R3,D19_P5,R3,94.81,3,6457.16,8007.27
2023,D19,R3,D19_P5,R3,88.96,2,8644.79,8007.27
2023,D19,R3,D19_P5,R3,114.27,7,14234.93,8007.27
2023,D19,R3,D19_P5,R3,105.78,1,18426.96,8007.27
2023,D19,R3,D19_P5,R3,103.5,3,10228.56,8007.27
2023,D19,R3,D19_P6,R3,111.77,3,12569.17,8007.27
2023,D19,R3,D19_P6,R3,102.42,5,12912.48,8007.27
2023,D19,R3,D19_P6,R3,102.92,4,23496.42,8007.27
2023,D19,R3,D19_P6,R3,83.66,4,7660.12,8007.27
2023,D19,R3,D19_P6,R3,118.81,1,8630.58,8007.27
2023,D19,R3,D19_P6,R3,83.19,4,8865.65,8007.27
2023,D19,R3,D19_P6,R3,85.69,3,17660.0,8007.27
2023,D19,R3,D19_P6,R3,80.29,4,10255.67,8007.27
2022,D20,R3,D20_P1,R3,107.52,2,7107.04,7860.87
2022,D20,R3,D20_P1,R3,88.35,3,5060.36,7860.87
2022,D20,R3,D20_P1,R3,116.08,2,12136.22,7860.87
2022,D20,R3,D20_P1,R3,83.3,3,3716.78,7860.87
2022,D20,R3,D20_P1,R3,103.92,2,11340.5,7860.87
2022,D20,R3,D20_P1,R3,96.3,3,11931.42,7860.87
2022,D20,R3,D20_P1,R3,115.42,2,14641.58,7860.87
2022,D20,R3,D20_P1,R3,98.35,2,12329.06,7860.87
2022,D20,R3,D20_P2,R3,117.53,5,7650.8,7860.87
2022,D20,R3,D20_P2,R3,111.77,3,13383.71,7860.87
2022,D20,R3,D20_P2,R3,93.3,5,9374.19,7860.87
2022,D20,R3,D20_P2,R3,86.2,2,10294.35,7860.87
2022,D20,R3,D20_P2,R3,94.45,1,13423.39,7860.87
2022,D20,R3,D20_P2,R3,114.37,2,27533.69,7860.87
2022,D20,R3,D20_P2,R3,106.19,3,6738.13,7860.87
2022,D20,R3,D20_P2,R3,114.4,3,22258.77,7860.87
2022,D20,R3,D20_P3,R3,90.14,2,14315.59,7860.87
2022,D20,R3,D20_P3,R3,118.55,2,17764.13,7860.87
2022,D20,R3,D20_P3,R3,119.09,2,12375.09,7860.87
2022,D20,R3,D20_P3,R3,108.23,2,17517.72,7860.87
2022,D20,R3,D20_P3,R3,83.61,3,15836.16,7860.87
2022,D20,R3,D20_P3,R3,112.85,5,14916.9,7860.87
2022,D20,R3,D20_P3,R3,116.33,4,15692.82,7860.87
2022,D20,R3,D20_P3,R3,83.27,1,40943.88,7860.87
2022,D20,R3,D20_P4,R3,85.3,4,8823.77,7860.87
2022,D20,R3,D20_P4,R3,90.06,3,16092.96,7860.87
2022,D20,R3,D20_P4,R3,87.27,3,14910.79,7860.87
2022,D20,R3,D20_P4,R3,115.53,4,9756.87,7860.87
2022,D20,R3,D20_P4,R3,107.69,3,7987.96,7860.87
2022,D20,R3,D20_P4,R3,96.48,1,11286.06,7860.87
2022,D20,R3,D20_P4,R3,106.37,2,6581.47,7860.87
2022,D20,R3,D20_P4,R3,80.0,7,10242.12,7860.87
2022,D20,R3,D20_P5,R3,107.13,3,11386.7,7860.87
2022,D20,R3,D20_P5,R3,98.9,3,25291.49,7860.87
2022,D20,R3,D20_P5,R3,117.81,4,10402.16,7860.87
2022,D20,R3,D20_P5,R3,103.97,2,8394.06,7860.87
2022,D20,R3,D20_P5,R3,100.08,2,15711.72,7860.87
2022,D20,R3,D20_P5,R3,118.62,4,8433.51,7860.87
2022,D20,R3,D20_P5,R3,80.05,2,13995.79,7860.87
2022,D20,R3,D20_P5,R3,93.5,1,13158.58,7860.87
2022,D20,R3,D20_P6,R3,88.48,3,7287.33,7860.87
2022,D20,R3,D20_P6,R3,83.5,1,14805.32,7860.87
2022,D20,R3,D20_P6,R3,113.45,3,19525.1,7860.87
2022,D20,R3,D20_P6,R3,115.6,4,17545.33,7860.87
2022,D20,R3,D20_P6,R3,106.59,3,6797.32,7860.87
2022,D20,R3,D20_P6,R3,82.09,2,9381.79,7860.87
2022,D20,R3,D20_P6,R3,101.64,2,10186.17,7860.87
2022,D20,R3,D20_P6,R3,97.41,1,9059.74,7860.87
2023,D20,R3,D20_P1,R3,88.07,2,8011.34,8007.27
2023,D20,R3,D20_P1,R3,86.03,3,12283.77,8007.27
2023,D20,R3,D20_P1,R3,115.04,4,12554.22,8007.27
2023,D20,R3,D20_P1,R3,102.8,4,8705.32,8007.27
2023,D20,R3,D20_P1,R3,80.49,4,7767.34,8007.27
2023,D20,R3,D20_P1,R3,96.08,1,8530.1,8007.27
2023,D20,R3,D20_P1,R3,105.55,2,7548.83,8007.27
2023,D20,R3,D20_P1,R3,92.31,3,25887.41,8007.27
2023,D20,R3,D20_P2,R3,111.38,3,13770.8,8007.27
2023,D20,R3,D20_P2,R3,110.52,2,11904.38,8007.27
2023,D20,R3,D20_P2,R3,90.72,2,15960.24,8007.27
2023,D20,R3,D20_P2,R3,109.48,3,11920.44,8007.27
2023,D20,R3,D20_P2,R3,83.89,1,11651.89,8007.27
2023,D20,R3,D20_P2,R3,88.27,2,17318.89,8007.27
2023,D20,R3,D20_P2,R3,116.29,1,17814.03,8007.27
2023,D20,R3,D20_P2,R3,86.29,4,20748.06,8007.27
2023,D20,R3,D20_P3,R3,115.01,2,7991.06,8007.27
2023,D20,R3,D20_P3,R3,106.25,1,18594.97,8007.27
2023,D20,R3,D20_P3,R3,83.33,1,19479.99,8007.27
2023,D20,R3,D20_P3,R3,94.89,4,13414.73,8007.27
2023,D20,R3,D20_P3,R3,85.42,3,23213.41,8007.27
2023,D20,R3,D20_P3,R3,94.49,4,21315.95,8007.27
2023,D20,R3,D20_P3,R3,82.83,1,34548.96,8007.27
2023,D20,R3,D20_P3,R3,83.04,5,6166.4,8007.27
2023,D20,R3,D20_P4,R3,109.24,4,8413.26,8007.27
2023,D20,R3,D20_P4,R3,82.31,1,3564.18,8007.27
2023,D20,R3,D20_P4,R3,106.77,1,11071.61,8007.27
2023,D20,R3,D20_P4,R3,99.81,5,12033.7,8007.27
2023,D20,R3,D20_P4,R3,109.02,4,9783.76,8007.27
2023,D20,R3,D20_P4,R3,111.48,2,20028.02,8007.27
2023,D20,R3,D20_P4,R3,109.41,2,4421.77,8007.27
2023,D20,R3,D20_P4,R3,95.29,2,27646.61,8007.27
2023,D20,R3,D20_P5,R3,95.36,2,17740.61,8007.27
2023,D20,R3,D20_P5,R3,84.5,2,9563.43,8007.27
2023,D20,R3,D20_P5,R3,81.47,3,17696.29,8007.27
2023,D20,R3,D20_P5,R3,109.91,4,38763.64,8007.27
2023,D20,R3,D20_P5,R3,80.56,3,12414.38,8007.27
2023,D20,R3,D20_P5,R3,87.88,2,11120.96,8007.27
2023,D20,R3,D20_P5,R3,116.83,3,8458.99,8007.27
2023,D20,R3,D20_P5,R3,93.1,4,10702.99,8007.27
2023,D20,R3,D20_P6,R3,100.95,3,9724.73,8007.27
2023,D20,R3,D20_P6,R3,81.61,4,21305.73,8007.27
2023,D20,R3,D20_P6,R3,84.42,2,18964.09,8007.27
2023,D20,R3,D20_P6,R3,96.26,4,7262.34,8007.27
2023,D20,R3,D20_P6,R3,109.61,5,14279.92,8007.27
2023,D20,R3,D20_P6,R3,85.46,1,4866.15,8007.27
2023,D20,R3,D20_P6,R3,118.0,4,6961.2,8007.27
2023,D20,R3,D20_P6,R3,116.06,3,16912.1,8007.27
2022,D21,R3,D21_P1,R3,108.0,2,25523.42,7860.87
2022,D21,R3,D21_P1,R3,114.46,1,29480.56,7860.87
2022,D21,R3,D21_P1,R3,112.63,3,27171.53,7860.87
2022,D21,R3,D21_P1,R3,114.8,2,24288.68,7860.87
2022,D21,R3,D21_P1,R3,80.31,3,43956.14,7860.87
2022,D21,R3,D21_P1,R3,116.59,1,9918.51,7860.87
2022,D21,R3,D21_P1,R3,91.52,2,15313.06,7860.87
2022,D21,R3,D21_P1,R3,93.06,4,9561.17,7860.87
2022,D21,R3,D21_P2,R3,111.23,1,10264.55,7860.87
2022,D21,R3,D21_P2,R3,94.91,2,13554.97,7860.87
2022,D21,R3,D21_P2,R3,82.52,4,20035.77,7860.87
2022,D21,R3,D21_P2,R3,100.32,2,22467.21,7860.87
2022,D21,R3,D21_P2,R3,84.93,2,39393.31,7860.87
2022,D21,R3,D21_P2,R3,81.27,3,57949.11,7860.87
2022,D21,R3,D21_P2,R3,82.06,3,31192.53,7860.87
2022,D21,R3,D21_P2,R3,98.94,3,15302.62,7860.87
2022,D21,R3,D21_P3,R3,97.06,1,10586.74,7860.87
2022,D21,R3,D21_P3,R3,86.73,2,24729.64,7860.87
2022,D21,R3,D21_P3,R3,83.41,4,15291.9,7860.87
2022,D21,R3,D21_P3,R3,102.97,3,25712.51,7860.87
2022,D21,R3,D21_P3,R3,107.47,1,26652.87,7860.87
2022,D21,R3,D21_P3,R3,109.41,5,9361.89,7860.87
2022,D21,R3,D21_P3,R3,93.82,2,27950.57,7860.87
2022,D21,R3,D21_P3,R3,98.6,1,12443.65,7860.87
2022,D21,R3,D21_P4,R3,96.19,3,14470.07,7860.87
2022,D21,R3,D21_P4,R3,112.51,1,16089.54,7860.87
2022,D21,R3,D21_P4,R3,82.29,6,15117.06,7860.87
2022,D21,R3,D21_P4,R3,102.29,2,26203.24,7860.87
2022,D21,R3,D21_P4,R3,116.07,2,11799.91,7860.87
2022,D21,R3,D21_P4,R3,118.35,2,22369.62,7860.87
2022,D21,R3,D21_P4,R3,97.92,1,58327.37,7860.87
2022,D21,R3,D21_P4,R3,114.66,3,10909.78,7860.87
2022,D21,R3,D21_P5,R3,101.56,2,13854.46,7860.87
2022,D21,R3,D21_P5,R3,86.22,2,27680.47,7860.87
2022,D21,R3,D21_P5,R3,85.06,2,11616.33,7860.87
2022,D21,R3,D21_P5,R3,114.02,2,32217.2,7860.87
2022,D21,R3,D21_P5,R3,88.23,2,23164.06,7860.87
2022,D21,R3,D21_P5,R3,105.84,3,20012.23,7860.87
2022,D21,R3,D21_P5,R3,115.63,2,13017.71,7860.87
2022,D21,R3,D21_P5,R3,112.44,2,36296.87,7860.87
2022,D21,R3,D21_P6,R3,116.39,2,28853.27,7860.87
2022,D21,R3,D21_P6,R3,88.07,3,14437.94,7860.87
2022,D21,R3,D21_P6,R3,105.14,4,28762.07,7860.87
2022,D21,R3,D21_P6,R3,89.85,2,18152.28,7860.87
2022,D21,R3,D21_P6,R3,87.35,4,19059.07,7860.87
2022,D21,R3,D21_P6,R3,82.19,3,26814.65,7860.87
2022,D21,R3,D21_P6,R3,110.09,1,39644.2,7860.87
2022,D21,R3,D21_P6,R3,110.56,1,11612.1,7860.87
2023,D21,R3,D21_P1,R3,105.28,5,9955.95,8007.27
2023,D21,R3,D21_P1,R3,116.46,5,23538.67,8007.27
2023,D21,R3,D21_P1,R3,118.28,5,16704.91,8007.27
2023,D21,R3,D21_P1,R3,110.86,2,29197.97,8007.27
2023,D21,R3,D21_P1,R3,118.21,3,18183.43,8007.27
2023,D21,R3,D21_P1,R3,93.58,3,39552.02,8007.27
2023,D21,R3,D21_P1,R3,107.28,1,12382.4,8007.27
2023,D21,R3,D21_P1,R3,103.13,4,10655.25,8007.27
2023,D21,R3,D21_P2,R3,112.49,4,12865.93,8007.27
2023,D21,R3,D21_P2,R3,108.51,2,31117.8,8007.27
2023,D21,R3,D21_P2,R3,119.21,5,11732.66,8007.27
2023,D21,R3,D21_P2,R3,102.97,4,17415.88,8007.27
2023,D21,R3,D21_P2,R3,113.6,4,16442.71,8007.27
2023,D21,R3,D21_P2,R3,114.13,2,20432.71,8007.27
2023,D21,R3,D21_P2,R3,110.19,3,12280.74,8007.27
2023,D21,R3,D21_P2,R3,116.06,1,10602.35,8007.27
2023,D21,R3,D21_P3,R3,91.7,2,10699.63,8007.27
2023,D21,R3,D21_P3,R3,114.29,2,15093.58,8007.27
2023,D21,R3,D21_P3,R3,83.47,3,14375.07,8007.27
2023,D21,R3,D21_P3,R3,95.16,3,27318.36,8007.27
2023,D21,R3,D21_P3,R3,87.29,2,27773.42,8007.27
2023,D21,R3,D21_P3,R3,115.04,1,22281.11,8007.27
2023,D21,R3,D21_P3,R3,117.74,1,19308.45,8007.27
2023,D21,R3,D21_P3,R3,85.37,3,18410.35,8007.27
2023,D21,R3,D21_P4,R3,85.85,2,14039.78,8007.27
2023,D21,R3,D21_P4,R3,80.93,2,21478.44,8007.27
2023,D21,R3,D21_P4,R3,109.12,2,21207.78,8007.27
2023,D21,R3,D21_P4,R3,80.76,3,14604.41,8007.27
2023,D21,R3,D21_P4,R3,92.73,2,21494.01,8007.27
2023,D21,R3,D21_P4,R3,96.85,3,25691.82,8007.27
2023,D21,R3,D21_P4,R3,110.42,2,14331.6,8007.27
2023,D21,R3,D21_P4,R3,116.76,5,30679.12,8007.27
2023,D21,R3,D21_P5,R3,108.22,6,12152.73,8007.27
2023,D21,R3,D21_P5,R3,110.64,3,32864.67,8007.27
2023,D21,R3,D21_P5,R3,105.99,3,15694.03,8007.27
2023,D21,R3,D21_P5,R3,116.53,4,12454.63,8007.27
2023,D21,R3,D21_P5,R3,119.09,3,5967.11,8007.27
2023,D21,R3,D21_P5,R3,92.48,4,19140.66,8007.27
2023,D21,R3,D21_P5,R3,88.23,2,16386.33,8007.27
2023,D21,R3,D21_P5,R3,101.38,2,8931.07,8007.27
2023,D21,R3,D21_P6,R3,100.34,2,6374.15,8007.27
2023,D21,R3,D21_P6,R3,81.41,2,19220.55,8007.27
2023,D21,R3,D21_P6,R3,108.39,1,12482.34,8007.27
2023,D21,R3,D21_P6,R3,89.24,4,17850.93,8007.27
2023,D21,R3,D21_P6,R3,98.25,3,10927.82,8007.27
2023,D21,R3,D21_P6,R3,116.5,1,11360.64,8007.27
2023,D21,R3,D21_P6,R3,100.41,4,12017.48,8007.27
2023,D21,R3,D21_P6,R3,115.21,3,15732.4,8007.27
2022,D22,R3,D22_P1,R3,117.35,2,39518.09,7860.87
2022,D22,R3,D22_P1,R3,114.89,4,25318.36,7860.87
2022,D22,R3,D22_P1,R3,105.95,4,23650.5,7860.87
2022,D22,R3,D22_P1,R3,81.81,2,25701.08,7860.87
2022,D22,R3,D22_P1,R3,96.72,2,13214.85,7860.87
2022,D22,R3,D22_P1,R3,114.26,3,27104.53,7860.87
2022,D22,R3,D22_P1,R3,112.35,3,25506.19,7860.87
2022,D22,R3,D22_P1,R3,116.82,4,16235.59,7860.87
2022,D22,R3,D22_P2,R3,90.14,2,13060.54,7860.87
2022,D22,R3,D22_P2,R3,112.97,2,12280.74,7860.87
2022,D22,R3,D22_P2,R3,115.17,3,15165.33,7860.87
2022,D22,R3,D22_P2,R3,109.92,2,14850.55,7860.87
2022,D22,R3,D22_P2,R3,113.65,3,17567.43,7860.87
2022,D22,R3,D22_P2,R3,99.5,2,18866.79,7860.87
2022,D22,R3,D22_P2,R3,90.3,3,28060.51,7860.87
2022,D22,R3,D22_P2,R3,91.42,4,11834.97,7860.87
2022,D22,R3,D22_P3,R3,108.75,5,19872.73,7860.87
2022,D22,R3,D22_P3,R3,117.79,3,31589.03,7860.87
2022,D22,R3,D22_P3,R3,103.64,1,12993.91,7860.87
2022,D22,R3,D22_P3,R3,82.79,1,15636.43,7860.87
2022,D22,R3,D22_P3,R3,84.45,2,7773.94,7860.87
2022,D22,R3,D22_P3,R3,92.07,2,11598.83,7860.87
2022,D22,R3,D22_P3,R3,101.45,2,17756.41,7860.87
2022,D22,R3,D22_P3,R3,109.83,2,9935.68,7860.87
2022,D22,R3,D22_P4,R3,88.04,4,7281.05,7860.87
2022,D22,R3,D22_P4,R3,82.28,1,21916.05,7860.87
2022,D22,R3,D22_P4,R3,119.66,2,9990.2,7860.87
2022,D22,R3,D22_P4,R3,91.48,2,24733.05,7860.87
2022,D22,R3,D22_P4,R3,98.13,2,14791.07,7860.87
2022,D22,R3,D22_P4,R3,97.35,1,23389.24,7860.87
2022,D22,R3,D22_P4,R3,108.58,3,16534.05,7860.87
2022,D22,R3,D22_P4,R3,116.68,1,31665.19,7860.87
2022,D22,R3,D22_P5,R3,116.96,2,22512.74,7860.87
2022,D22,R3,D22_P5,R3,82.22,4,17253.72,7860.87
2022,D22,R3,D22_P5,R3,108.35,3,4998.03,7860.87
2022,D22,R3,D22_P5,R3,100.05,5,16586.26,7860.87
2022,D22,R3,D22_P5,R3,99.08,2,5972.58,7860.87
2022,D22,R3,D22_P5,R3,102.04,1,7353.47,7860.87
2022,D22,R3,D22_P5,R3,114.23,1,18813.01,7860.87
2022,D22,R3,D22_P5,R3,98.51,3,37915.24,7860.87
2022,D22,R3,D22_P6,R3,115.13,3,18764.96,7860.87
2022,D22,R3,D22_P6,R3,114.89,4,23426.43,7860.87
2022,D22,R3,D22_P6,R3,103.23,4,41349.99,7860.87
2022,D22,R3,D22_P6,R3,108.36,2,11095.97,7860.87
2022,D22,R3,D22_P6,R3,116.19,1,21295.49,7860.87
2022,D22,R3,D22_P6,R3,103.12,2,21877.84,7860.87
2022,D22,R3,D22_P6,R3,87.61,3,43325.07,7860.87
2022,D22,R3,D22_P6,R3,114.92,1,29032.22,7860.87
2023,D22,R3,D22_P1,R3,87.84,4,24416.29,8007.27
2023,D22,R3,D22_P1,R3,119.69,4,22930.37,8007.27
2023,D22,R3,D22_P1,R3,114.14,4,20927.28,8007.27
2023,D22,R3,D22_P1,R3,107.37,1,10765.58,8007.27
2023,D22,R3,D22_P1,R3,116.8,1,47142.28,8007.27
2023,D22,R3,D22_P1,R3,106.63,3,19463.33,8007.27
2023,D22,R3,D22_P1,R3,97.24,1,13055.3,8007.27
2023,D22,R3,D22_P1,R3,117.04,1,8842.61,8007.27
2023,D22,R3,D22_P2,R3,97.13,2,8090.19,8007.27
2023,D22,R3,D22_P2,R3,82.59,3,40714.69,8007.27
2023,D22,R3,D22_P2,R3,88.43,4,14664.5,8007.27
2023,D22,R3,D22_P2,R3,119.88,3,41320.36,8007.27
2023,D22,R3,D22_P2,R3,118.84,5,15349.85,8007.27
2023,D22,R3,D22_P2,R3,88.4,5,25590.34,8007.27
2023,D22,R3,D22_P2,R3,85.05,4,27711.9,8007.27
2023,D22,R3,D22_P2,R3,110.17,3,11148.12,8007.27
2023,D22,R3,D22_P3,R3,110.1,2,11946.15,8007.27
2023,D22,R3,D22_P3,R3,117.49,6,16974.92,8007.27
2023,D22,R3,D22_P3,R3,92.63,3,21863.51,8007.27
2023,D22,R3,D22_P3,R3,89.22,1,9884.18,8007.27
2023,D22,R3,D22_P3,R3,102.93,3,36344.02,8007.27
2023,D22,R3,D22_P3,R3,108.36,4,32111.22,8007.27
2023,D22,R3,D22_P3,R3,118.64,2,10068.52,8007.27
2023,D22,R3,D22_P3,R3,105.95,2,23156.52,8007.27
2023,D22,R3,D22_P4,R3,103.76,2,19497.35,8007.27
2023,D22,R3,D22_P4,R3,81.43,1,21640.2,8007.27
2023,D22,R3,D22_P4,R3,107.86,4,36828.34,8007.27
2023,D22,R3,D22_P4,R3,85.55,2,34065.02,8007.27
2023,D22,R3,D22_P4,R3,113.14,1,12911.94,8007.27
2023,D22,R3,D22_P4,R3,104.02,2,19438.63,8007.27
2023,D22,R3,D22_P4,R3,87.43,1,29726.99,8007.27
2023,D22,R3,D22_P4,R3,109.41,3,21019.21,8007.27
2023,D22,R3,D22_P5,R3,92.22,1,6984.74,8007.27
2023,D22,R3,D22_P5,R3,99.84,1,12899.92,8007.27
2023,D22,R3,D22_P5,R3,117.53,4,17184.68,8007.27
2023,D22,R3,D22_P5,R3,118.48,2,13872.46,8007.27
2023,D22,R3,D22_P5,R3,108.61,2,7433.76,8007.27
2023,D22,R3,D22_P5,R3,100.19,3,32105.74,8007.27
2023,D22,R3,D22_P5,R3,112.61,2,34324.08,8007.27
2023,D22,R3,D22_P5,R3,117.1,4,28653.53,8007.27
2023,D22,R3,D22_P6,R3,119.49,1,35849.89,8007.27
2023,D22,R3,D22_P6,R3,105.67,3,11741.29,8007.27
2023,D22,R3,D22_P6,R3,112.92,4,27828.13,8007.27
2023,D22,R3,D22_P6,R3,108.08,4,31517.12,8007.27
2023,D22,R3,D22_P6,R3,84.39,4,21627.18,8007.27
2023,D22,R3,D22_P6,R3,81.72,2,14201.93,8007.27
2023,D22,R3,D22_P6,R3,109.47,5,19694.07,8007.27
2023,D22,R3,D22_P6,R3,109.17,7,17803.3,8007.27
2022,D23,R3,D23_P1,R3,95.4,5,13657.89,7860.87
2022,D23,R3,D23_P1,R3,119.8,2,41500.86,7860.87
2022,D23,R3,D23_P1,R3,80.9,1,34279.33,7860.87
2022,D23,R3,D23_P1,R3,103.45,3,65405.72,7860.87
2022,D23,R3,D23_P1,R3,118.55,3,56217.89,7860.87
2022,D23,R3,D23_P1,R3,83.45,4,23884.43,7860.87
2022,D23,R3,D23_P1,R3,117.13,5,27145.82,7860.87
2022,D23,R3,D23_P1,R3,116.86,3,17650.5,7860.87
2022,D23,R3,D23_P2,R3,90.14,4,18498.77,7860.87
2022,D23,R3,D23_P2,R3,113.91,3,29374.21,7860.87
2022,D23,R3,D23_P2,R3,113.59,2,30381.28,7860.87
2022,D23,R3,D23_P2,R3,112.69,1,24513.92,7860.87
2022,D23,R3,D23_P2,R3,102.17,5,17589.84,7860.87
2022,D23,R3,D23_P2,R3,111.9,2,20522.17,7860.87
2022,D23,R3,D23_P2,R3,104.02,3,12042.02,7860.87
2022,D23,R3,D23_P2,R3,110.49,3,18046.65,7860.87
2022,D23,R3,D23_P3,R3,96.09,1,19147.56,7860.87
2022,D23,R3,D23_P3,R3,80.94,4,19019.88,7860.87
2022,D23,R3,D23_P3,R3,110.8,4,21172.18,7860.87
2022,D23,R3,D23_P3,R3,108.0,3,17523.56,7860.87
2022,D23,R3,D23_P3,R3,101.23,2,21585.26,7860.87
2022,D23,R3,D23_P3,R3,99.76,1,13889.71,7860.87
2022,D23,R3,D23_P3,R3,85.84,2,21130.07,7860.87
2022,D23,R3,D23_P3,R3,84.68,4,8639.16,7860.87
2022,D23,R3,D23_P4,R3,105.25,3,54243.86,7860.87
2022,D23,R3,D23_P4,R3,107.66,2,24747.5,7860.87
2022,D23,R3,D23_P4,R3,103.59,1,39375.06,7860.87
2022,D23,R3,D23_P4,R3,95.27,1,16464.63,7860.87
2022,D23,R3,D23_P4,R3,94.49,2,9071.15,7860.87
2022,D23,R3,D23_P4,R3,110.95,3,23917.68,7860.87
2022,D23,R3,D23_P4,R3,82.52,4,58402.46,7860.87
2022,D23,R3,D23_P4,R3,102.41,4,18798.08,7860.87
2022,D23,R3,D23_P5,R3,104.7,3,19033.24,7860.87
2022,D23,R3,D23_P5,R3,115.38,2,17288.31,7860.87
2022,D23,R3,D23_P5,R3,88.77,1,14600.56,7860.87
2022,D23,R3,D23_P5,R3,108.94,2,20264.61,7860.87
2022,D23,R3,D23_P5,R3,115.19,2,19363.15,7860.87
2022,D23,R3,D23_P5,R3,110.98,4,16519.72,7860.87
2022,D23,R3,D23_P5,R3,114.15,4,17938.56,7860.87
2022,D23,R3,D23_P5,R3,87.23,1,27315.67,7860.87
2022,D23,R3,D23_P6,R3,104.12,5,24758.89,7860.87
2022,D23,R3,D23_P6,R3,82.23,2,25073.79,7860.87
2022,D23,R3,D23_P6,R3,89.88,3,21777.83,7860.87
2022,D23,R3,D23_P6,R3,81.05,4,29072.13,7860.87
2022,D23,R3,D23_P6,R3,104.24,4,36610.76,7860.87
2022,D23,R3,D23_P6,R3,96.03,5,20835.2,7860.87
2022,D23,R3,D23_P6,R3,112.18,3,46690.75,7860.87
2022,D23,R3,D23_P6,R3,93.58,6,29466.83,7860.87
2023,D23,R3,D23_P1,R3,91.97,3,19163.25,8007.27
2023,D23,R3,D23_P1,R3,93.63,2,27135.54,8007.27
2023,D23,R3,D23_P1,R3,110.78,2,44989.3,8007.27
2023,D23,R3,D23_P1,R3,109.98,2,7532.9,8007.27
2023,D23,R3,D23_P1,R3,80.76,1,57012.09,8007.27
2023,D23,R3,D23_P1,R3,82.17,3,21919.54,8007.27
2023,D23,R3,D23_P1,R3,103.94,4,40774.96,8007.27
2023,D23,R3,D23_P1,R3,119.2,4,19526.94,8007.27
2023,D23,R3,D23_P2,R3,94.27,3,9123.61,8007.27
2023,D23,R3,D23_P2,R3,97.84,2,13936.16,8007.27
2023,D23,R3,D23_P2,R3,104.8,3,21214.31,8007.27
2023,D23,R3,D23_P2,R3,89.0,2,25865.32,8007.27
2023,D23,R3,D23_P2,R3,109.05,6,17216.15,8007.27
2023,D23,R3,D23_P2,R3,106.92,4,37131.4,8007.27
2023,D23,R3,D23_P2,R3,103.37,4,8957.41,8007.27
2023,D23,R3,D23_P2,R3,80.91,3,13449.39,8007.27
2023,D23,R3,D23_P3,R3,81.47,3,11991.43,8007.27
2023,D23,R3,D23_P3,R3,80.64,1,31104.05,8007.27
2023,D23,R3,D23_P3,R3,95.1,3,23313.04,8007.27
2023,D23,R3,D23_P3,R3,104.14,2,26983.9,8007.27
2023,D23,R3,D23_P3,R3,95.28,2,24098.31,8007.27
2023,D23,R3,D23_P3,R3,86.53,2,42964.49,8007.27
2023,D23,R3,D23_P3,R3,110.86,5,27013.95,8007.27
2023,D23,R3,D23_P3,R3,98.04,3,11611.26,8007.27
2023,D23,R3,D23_P4,R3,83.85,1,16847.71,8007.27
2023,D23,R3,D23_P4,R3,101.54,2,19905.03,8007.27
2023,D23,R3,D23_P4,R3,84.82,6,31318.36,8007.27
2023,D23,R3,D23_P4,R3,80.47,1,42836.51,8007.27
2023,D23,R3,D23_P4,R3,81.56,2,19387.25,8007.27
2023,D23,R3,D23_P4,R3,109.11,3,20145.08,8007.27
2023,D23,R3,D23_P4,R3,94.51,1,12611.18,8007.27
2023,D23,R3,D23_P4,R3,109.69,3,36245.21,8007.27
2023,D23,R3,D23_P5,R3,94.26,5,33734.74,8007.27
2023,D23,R3,D23_P5,R3,98.23,1,11391.98,8007.27
2023,D23,R3,D23_P5,R3,100.08,5,34410.37,8007.27
2023,D23,R3,D23_P5,R3,101.4,2,28136.3,8007.27
2023,D23,R3,D23_P5,R3,83.96,3,30165.37,8007.27
2023,D23,R3,D23_P5,R3,85.63,1,16708.53,8007.27
2023,D23,R3,D23_P5,R3,101.56,5,13009.61,8007.27
2023,D23,R3,D23_P5,R3,113.63,1,25307.39,8007.27
2023,D23,R3,D23_P6,R3,96.14,2,25046.99,8007.27
2023,D23,R3,D23_P6,R3,116.77,1,11595.84,8007.27
2023,D23,R3,D23_P6,R3,83.2,2,11448.1,8007.27
2023,D23,R3,D23_P6,R3,94.13,3,22945.77,8007.27
2023,D23,R3,D23_P6,R3,102.36,2,36356.39,8007.27
2023,D23,R3,D23_P6,R3,83.57,3,14695.18,8007.27
2023,D23,R3,D23_P6,R3,108.77,3,13833.73,8007.27
2023,D23,R3,D23_P6,R3,87.53,2,10031.7,8007.27
2022,D24,R3,D24_P1,R3,106.0,1,12053.9,7860.87
2022,D24,R3,D24_P1,R3,110.03,1,10485.34,7860.87
2022,D24,R3,D24_P1,R3,88.47,1,17838.89,7860.87
2022,D24,R3,D24_P1,R3,99.83,5,9614.27,7860.87
2022,D24,R3,D24_P1,R3,97.41,1,10350.06,7860.87
2022,D24,R3,D24_P1,R3,108.24,4,17952.55,7860.87
2022,D24,R3,D24_P1,R3,101.21,2,7768.32,7860.87
2022,D24,R3,D24_P1,R3,84.88,4,6798.04,7860.87
2022,D24,R3,D24_P2,R3,115.43,3,16597.46,7860.87
2022,D24,R3,D24_P2,R3,92.02,3,11607.2,7860.87
2022,D24,R3,D24_P2,R3,86.67,2,33842.35,7860.87
2022,D24,R3,D24_P2,R3,96.92,2,5890.87,7860.87
2022,D24,R3,D24_P2,R3,87.7,3,9882.88,7860.87
2022,D24,R3,D24_P2,R3,110.71,2,12870.67,7860.87
2022,D24,R3,D24_P2,R3,118.66,2,10469.4,7860.87
2022,D24,R3,D24_P2,R3,86.03,2,10580.08,7860.87
2022,D24,R3,D24_P3,R3,102.05,3,14793.96,7860.87
2022,D24,R3,D24_P3,R3,83.33,3,15796.91,7860.87
2022,D24,R3,D24_P3,R3,104.56,3,38755.64,7860.87
2022,D24,R3,D24_P3,R3,94.78,2,12788.14,7860.87
2022,D24,R3,D24_P3,R3,107.19,4,24260.23,7860.87
2022,D24,R3,D24_P3,R3,114.1,4,30935.03,7860.87
2022,D24,R3,D24_P3,R3,115.29,3,36797.39,7860.87
2022,D24,R3,D24_P3,R3,104.39,3,20947.36,7860.87
2022,D24,R3,D24_P4,R3,113.31,3,18273.21,7860.87
2022,D24,R3,D24_P4,R3,117.22,2,11589.99,7860.87
2022,D24,R3,D24_P4,R3,113.76,2,6244.47,7860.87
2022,D24,R3,D24_P4,R3,85.06,4,13955.31,7860.87
2022,D24,R3,D24_P4,R3,116.99,2,18204.67,7860.87
2022,D24,R3,D24_P4,R3,82.24,2,10481.93,7860.87
2022,D24,R3,D24_P4,R3,87.29,4,15267.9,7860.87
2022,D24,R3,D24_P4,R3,88.61,5,8652.64,7860.87
2022,D24,R3,D24_P5,R3,83.31,6,5427.52,7860.87
2022,D24,R3,D24_P5,R3,110.11,3,15269.6,7860.87
2022,D24,R3,D24_P5,R3,81.21,5,24167.34,7860.87
2022,D24,R3,D24_P5,R3,90.95,2,8516.15,7860.87
2022,D24,R3,D24_P5,R3,103.67,2,27998.34,7860.87
2022,D24,R3,D24_P5,R3,105.44,1,11865.63,7860.87
2022,D24,R3,D24_P5,R3,111.94,6,28638.73,7860.87
2022,D24,R3,D24_P5,R3,99.97,2,17003.03,7860.87
2022,D24,R3,D24_P6,R3,92.06,6,14774.38,7860.87
2022,D24,R3,D24_P6,R3,93.71,2,22875.42,7860.87
2022,D24,R3,D24_P6,R3,104.91,1,12940.74,7860.87
2022,D24,R3,D24_P6,R3,92.01,2,8557.84,7860.87
2022,D24,R3,D24_P6,R3,88.95,3,9221.34,7860.87
2022,D24,R3,D24_P6,R3,101.42,5,18110.33,7860.87
2022,D24,R3,D24_P6,R3,96.16,3,6588.75,7860.87
2022,D24,R3,D24_P6,R3,97.11,1,24856.19,7860.87
2023,D24,R3,D24_P1,R3,95.07,2,16112.09,8007.27
2023,D24,R3,D24_P1,R3,101.35,2,12113.68,8007.27
2023,D24,R3,D24_P1,R3,111.04,1,5813.74,8007.27
2023,D24,R3,D24_P1,R3,116.66,3,12988.85,8007.27
2023,D24,R3,D24_P1,R3,85.4,2,10392.16,8007.27
2023,D24,R3,D24_P1,R3,105.23,1,11317.34,8007.27
2023,D24,R3,D24_P1,R3,115.91,1,11472.33,8007.27
2023,D24,R3,D24_P1,R3,91.75,2,11972.34,8007.27
2023,D24,R3,D24_P2,R3,119.93,3,10116.03,8007.27
2023,D24,R3,D24_P2,R3,96.83,2,15847.46,8007.27
2023,D24,R3,D24_P2,R3,110.85,4,10193.36,8007.27
2023,D24,R3,D24_P2,R3,113.36,1,18170.03,8007.27
2023,D24,R3,D24_P2,R3,114.08,4,40449.46,8007.27
2023,D24,R3,D24_P2,R3,93.91,1,19177.04,8007.27
2023,D24,R3,D24_P2,R3,111.03,3,12947.29,8007.27
2023,D24,R3,D24_P2,R3,116.27,5,11351.49,8007.27
2023,D24,R3,D24_P3,R3,117.54,1,7729.79,8007.27
2023,D24,R3,D24_P3,R3,113.72,4,22090.36,8007.27
2023,D24,R3,D24_P3,R3,104.4,2,30161.88,8007.27
2023,D24,R3,D24_P3,R3,92.53,2,26783.68,8007.27
2023,D24,R3,D24_P3,R3,81.8,2,19952.54,8007.27
2023,D24,R3,D24_P3,R3,85.51,4,19353.18,8007.27
2023,D24,R3,D24_P3,R3,114.74,3,17848.96,8007.27
2023,D24,R3,D24_P3,R3,81.97,3,21712.68,8007.27
2023,D24,R3,D24_P4,R3,116.94,2,13209.02,8007.27
2023,D24,R3,D24_P4,R3,96.77,2,16004.85,8007.27
2023,D24,R3,D24_P4,R3,81.54,1,18330.93,8007.27
2023,D24,R3,D24_P4,R3,86.77,3,28283.49,8007.27
2023,D24,R3,D24_P4,R3,100.94,2,5502.4,8007.27
2023,D24,R3,D24_P4,R3,99.44,1,9729.99,8007.27
2023,D24,R3,D24_P4,R3,105.64,1,15785.15,8007.27
2023,D24,R3,D24_P4,R3,88.92,2,19343.21,8007.27
2023,D24,R3,D24_P5,R3,119.02,3,13885.45,8007.27
2023,D24,R3,D24_P5,R3,118.13,5,22782.29,8007.27
2023,D24,R3,D24_P5,R3,90.59,3,17355.55,8007.27
2023,D24,R3,D24_P5,R3,98.02,1,19181.46,8007.27
2023,D24,R3,D24_P5,R3,94.68,4,7808.89,8007.27
2023,D24,R3,D24_P5,R3,99.5,3,14091.56,8007.27
2023,D24,R3,D24_P5,R3,87.98,3,17313.96,8007.27
2023,D24,R3,D24_P5,R3,110.07,2,10193.25,8007.27
2023,D24,R3,D24_P6,R3,99.08,2,10539.8,8007.27
2023,D24,R3,D24_P6,R3,102.82,3,16983.88,8007.27
2023,D24,R3,D24_P6,R3,100.63,1,9603.84,8007.27
2023,D24,R3,D24_P6,R3,84.33,1,17611.66,8007.27
2023,D24,R3,D24_P6,R3,90.32,7,16834.0,8007.27
2023,D24,R3,D24_P6,R3,92.41,2,23645.34,8007.27
2023,D24,R3,D24_P6,R3,105.11,5,10682.06,8007.27
2023,D24,R3,D24_P6,R3,107.71,1,16731.19,8007.27
2022,D25,R4,D25_P1,R4,91.02,4,3746.63,7860.87
2022,D25,R4,D25_P1,R4,100.43,3,4921.89,7860.87
2022,D25,R4,D25_P1,R4,102.2,6,2519.57,7860.87
2022,D25,R4,D25_P1,R4,88.73,2,4558.59,7860.87
2022,D25,R4,D25_P1,R4,100.19,3,3942.96,7860.87
2022,D25,R4,D25_P1,R4,115.25,5,7067.14,7860.87
2022,D25,R4,D25_P1,R4,119.53,3,8222.07,7860.87
2022,D25,R4,D25_P1,R4,107.44,1,3925.11,7860.87
2022,D25,R4,D25_P2,R4,103.54,3,13211.19,7860.87
2022,D25,R4,D25_P2,R4,86.99,3,14032.47,7860.87
2022,D25,R4,D25_P2,R4,111.23,3,6164.41,7860.87
2022,D25,R4,D25_P2,R4,91.44,3,7540.98,7860.87
2022,D25,R4,D25_P2,R4,94.67,2,4109.4,7860.87
2022,D25,R4,D25_P2,R4,82.07,2,6696.69,7860.87
2022,D25,R4,D25_P2,R4,115.72,3,5605.35,7860.87
2022,D25,R4,D25_P2,R4,109.84,2,5222.57,7860.87
2022,D25,R4,D25_P3,R4,81.47,3,8082.95,7860.87
2022,D25,R4,D25_P3,R4,103.2,3,5636.93,7860.87
2022,D25,R4,D25_P3,R4,88.2,3,6373.04,7860.87
2022,D25,R4,D25_P3,R4,95.6,4,6113.49,7860.87
2022,D25,R4,D25_P3,R4,82.99,2,4384.69,7860.87
2022,D25,R4,D25_P3,R4,118.52,3,11832.88,7860.87
2022,D25,R4,D25_P3,R4,118.68,3,11563.8,7860.87
2022,D25,R4,D25_P3,R4,117.43,2,5499.48,7860.87
2022,D25,R4,D25_P4,R4,104.52,1,11274.53,7860.87
2022,D25,R4,D25_P4,R4,97.29,3,7036.96,7860.87
2022,D25,R4,D25_P4,R4,89.58,1,8038.25,7860.87
2022,D25,R4,D25_P4,R4,102.25,2,10465.99,7860.87
2022,D25,R4,D25_P4,R4,81.57,3,15224.57,7860.87
2022,D25,R4,D25_P4,R4,98.99,2,6977.09,7860.87
2022,D25,R4,D25_P4,R4,105.19,4,7083.3,7860.87
2022,D25,R4,D25_P4,R4,114.51,1,5889.97,7860.87
2022,D25,R4,D25_P5,R4,100.08,2,9643.89,7860.87
2022,D25,R4,D25_P5,R4,116.65,4,8295.72,7860.87
2022,D25,R4,D25_P5,R4,113.16,4,7484.24,7860.87
2022,D25,R4,D25_P5,R4,95.05,4,4486.0,7860.87
2022,D25,R4,D25_P5,R4,117.33,2,11524.15,7860.87
2022,D25,R4,D25_P5,R4,96.26,2,10265.91,7860.87
2022,D25,R4,D25_P5,R4,82.77,3,13146.9,7860.87
2022,D25,R4,D25_P5,R4,83.3,5,8097.13,7860.87
2022,D25,R4,D25_P6,R4,90.92,3,5981.71,7860.87
2022,D25,R4,D25_P6,R4,97.22,3,3790.94,7860.87
2022,D25,R4,D25_P6,R4,110.8,2,9211.41,7860.87
2022,D25,R4,D25_P6,R4,93.31,3,8906.67,7860.87
2022,D25,R4,D25_P6,R4,94.16,1,6553.11,7860.87
2022,D25,R4,D25_P6,R4,81.46,4,9903.3,7860.87
2022,D25,R4,D25_P6,R4,105.91,1,9660.82,7860.87
2022,D25,R4,D25_P6,R4,114.33,3,4691.17,7860.87
2023,D25,R4,D25_P1,R4,112.12,5,7070.74,8007.27
2023,D25,R4,D25_P1,R4,100.05,3,8485.38,8007.27
2023,D25,R4,D25_P1,R4,115.57,3,5592.5,8007.27
2023,D25,R4,D25_P1,R4,104.46,2,4399.45,8007.27
2023,D25,R4,D25_P1,R4,97.71,1,6757.53,8007.27
2023,D25,R4,D25_P1,R4,99.69,2,4677.23,8007.27
2023,D25,R4,D25_P1,R4,81.43,4,6685.34,8007.27
2023,D25,R4,D25_P1,R4,108.38,3,10236.85,8007.27
2023,D25,R4,D25_P2,R4,86.71,3,5662.99,8007.27
2023,D25,R4,D25_P2,R4,89.87,3,7498.96,8007.27
2023,D25,R4,D25_P2,R4,116.48,4,5006.47,8007.27
2023,D25,R4,D25_P2,R4,119.21,1,7819.83,8007.27
2023,D25,R4,D25_P2,R4,87.42,3,8505.46,8007.27
2023,D25,R4,D25_P2,R4,94.43,2,6846.38,8007.27
2023,D25,R4,D25_P2,R4,81.84,2,4134.15,8007.27
2023,D25,R4,D25_P2,R4,108.99,2,5011.87,8007.27
2023,D25,R4,D25_P3,R4,109.74,5,7484.01,8007.27
2023,D25,R4,D25_P3,R4,105.93,5,11603.39,8007.27
2023,D25,R4,D25_P3,R4,101.46,1,9605.56,8007.27
2023,D25,R4,D25_P3,R4,94.6,3,15772.31,8007.27
2023,D25,R4,D25_P3,R4,118.89,7,7584.6,8007.27
2023,D25,R4,D25_P3,R4,95.8,4,8084.27,8007.27
2023,D25,R4,D25_P3,R4,90.67,3,9532.16,8007.27
2023,D25,R4,D25_P3,R4,111.6,3,3341.55,8007.27
2023,D25,R4,D25_P4,R4,109.64,1,5693.13,8007.27
2023,D25,R4,D25_P4,R4,81.4,5,10038.86,8007.27
2023,D25,R4,D25_P4,R4,118.3,3,6392.42,8007.27
2023,D25,R4,D25_P4,R4,113.2,1,16481.73,8007.27
2023,D25,R4,D25_P4,R4,107.49,3,17956.3,8007.27
2023,D25,R4,D25_P4,R4,118.02,5,6702.93,8007.27
2023,D25,R4,D25_P4,R4,115.45,3,6819.66,8007.27
2023,D25,R4,D25_P4,R4,115.87,2,6771.21,8007.27
2023,D25,R4,D25_P5,R4,106.71,1,5537.12,8007.27
2023,D25,R4,D25_P5,R4,89.54,2,7680.58,8007.27
2023,D25,R4,D25_P5,R4,102.65,1,8761.9,8007.27
2023,D25,R4,D25_P5,R4,86.02,1,5968.65,8007.27
2023,D25,R4,D25_P5,R4,96.68,3,3040.68,8007.27
2023,D25,R4,D25_P5,R4,113.58,4,6406.0,8007.27
2023,D25,R4,D25_P5,R4,82.49,2,9713.13,8007.27
2023,D25,R4,D25_P5,R4,101.87,4,9636.49,8007.27
2023,D25,R4,D25_P6,R4,119.81,2,5240.24,8007.27
2023,D25,R4,D25_P6,R4,112.65,3,7918.34,8007.27
2023,D25,R4,D25_P6,R4,103.28,2,5742.86,8007.27
2023,D25,R4,D25_P6,R4,117.05,4,7393.09,8007.27
2023,D25,R4,D25_P6,R4,96.68,1,2523.45,8007.27
2023,D25,R4,D25_P6,R4,113.26,4,4434.24,8007.27
2023,D25,R4,D25_P6,R4,110.74,5,10581.91,8007.27
2023,D25,R4,D25_P6,R4,111.45,1,7492.75,8007.27
2022,D26,R4,D26_P1,R4,119.34,3,24079.29,7860.87
2022,D26,R4,D26_P1,R4,110.25,2,17584.35,7860.87
2022,D26,R4,D26_P1,R4,83.83,4,17723.73,7860.87
2022,D26,R4,D26_P1,R4,111.41,1,35069.78,7860.87
2022,D26,R4,D26_P1,R4,92.17,4,27158.61,7860.87
2022,D26,R4,D26_P1,R4,99.9,1,24378.03,7860.87
2022,D26,R4,D26_P1,R4,111.24,2,13449.86,7860.87
2022,D26,R4,D26_P1,R4,111.94,2,13937.08,7860.87
2022,D26,R4,D26_P2,R4,82.47,2,13693.42,7860.87
2022,D26,R4,D26_P2,R4,87.42,2,23046.29,7860.87
2022,D26,R4,D26_P2,R4,84.18,1,12113.91,7860.87
2022,D26,R4,D26_P2,R4,84.71,4,12476.16,7860.87
2022,D26,R4,D26_P2,R4,104.01,2,34485.95,7860.87
2022,D26,R4,D26_P2,R4,104.15,4,18558.66,7860.87
2022,D26,R4,D26_P2,R4,97.06,2,27420.09,7860.87
2022,D26,R4,D26_P2,R4,82.31,3,7942.06,7860.87
2022,D26,R4,D26_P3,R4,81.04,1,14832.93,7860.87
2022,D26,R4,D26_P3,R4,111.54,1,13529.58,7860.87
2022,D26,R4,D26_P3,R4,83.54,2,10085.44,7860.87
2022,D26,R4,D26_P3,R4,112.97,2,22914.12,7860.87
2022,D26,R4,D26_P3,R4,111.97,3,22199.94,7860.87
2022,D26,R4,D26_P3,R4,109.09,2,11892.33,7860.87
2022,D26,R4,D26_P3,R4,81.87,1,12651.49,7860.87
2022,D26,R4,D26_P3,R4,86.04,2,16324.22,7860.87
2022,D26,R4,D26_P4,R4,96.95,5,13108.36,7860.87
2022,D26,R4,D26_P4,R4,80.36,2,22032.03,7860.87
2022,D26,R4,D26_P4,R4,93.06,1,30653.69,7860.87
2022,D26,R4,D26_P4,R4,93.01,2,7384.61,7860.87
2022,D26,R4,D26_P4,R4,105.18,4,25452.09,7860.87
2022,D26,R4,D26_P4,R4,90.24,5,6960.65,7860.87
2022,D26,R4,D26_P4,R4,100.96,2,10192.78,7860.87
2022,D26,R4,D26_P4,R4,109.67,3,7606.26,7860.87
2022,D26,R4,D26_P5,R4,94.65,4,25122.2,7860.87
2022,D26,R4,D26_P5,R4,118.74,2,22548.87,7860.87
2022,D26,R4,D26_P5,R4,86.29,3,27853.57,7860.87
2022,D26,R4,D26_P5,R4,101.32,7,48324.4,7860.87
2022,D26,R4,D26_P5,R4,94.5,4,11439.36,7860.87
2022,D26,R4,D26_P5,R4,92.83,3,23238.5,7860.87
2022,D26,R4,D26_P5,R4,86.22,2,17085.84,7860.87
2022,D26,R4,D26_P5,R4,118.0,4,15374.6,7860.87
2022,D26,R4,D26_P6,R4,95.3,3,10464.39,7860.87
2022,D26,R4,D26_P6,R4,95.86,2,8440.26,7860.87
2022,D26,R4,D26_P6,R4,98.96,2,16986.69,7860.87
2022,D26,R4,D26_P6,R4,83.07,2,32380.86,7860.87
2022,D26,R4,D26_P6,R4,111.95,3,15329.26,7860.87
2022,D26,R4,D26_P6,R4,83.62,2,18040.83,7860.87
2022,D26,R4,D26_P6,R4,82.69,4,22705.95,7860.87
2022,D26,R4,D26_P6,R4,95.54,2,18000.34,7860.87
2023,D26,R4,D26_P1,R4,95.36,2,8895.37,8007.27
2023,D26,R4,D26_P1,R4,109.5,2,30244.61,8007.27
2023,D26,R4,D26_P1,R4,93.28,1,18387.04,8007.27
2023,D26,R4,D26_P1,R4,96.58,2,12794.82,8007.27
2023,D26,R4,D26_P1,R4,115.98,5,21764.13,8007.27
2023,D26,R4,D26_P1,R4,81.31,2,12329.04,8007.27
2023,D26,R4,D26_P1,R4,97.33,1,25146.57,8007.27
2023,D26,R4,D26_P1,R4,102.29,3,25850.87,8007.27
2023,D26,R4,D26_P2,R4,85.29,2,20844.33,8007.27
2023,D26,R4,D26_P2,R4,116.42,2,14661.49,8007.27
2023,D26,R4,D26_P2,R4,107.87,4,24964.41,8007.27
2023,D26,R4,D26_P2,R4,117.47,2,25866.47,8007.27
2023,D26,R4,D26_P2,R4,86.52,3,31355.92,8007.27
2023,D26,R4,D26_P2,R4,89.58,4,10705.18,8007.27
2023,D26,R4,D26_P2,R4,93.25,3,15365.05,8007.27
2023,D26,R4,D26_P2,R4,92.54,2,11082.9,8007.27
2023,D26,R4,D26_P3,R4,104.56,2,10594.17,8007.27
2023,D26,R4,D26_P3,R4,110.64,3,13528.4,8007.27
2023,D26,R4,D26_P3,R4,85.0,5,48648.12,8007.27
2023,D26,R4,D26_P3,R4,105.46,1,4888.3,8007.27
2023,D26,R4,D26_P3,R4,119.49,4,16581.55,8007.27
2023,D26,R4,D26_P3,R4,117.66,3,7711.2,8007.27
2023,D26,R4,D26_P3,R4,119.5,3,13035.46,8007.27
2023,D26,R4,D26_P3,R4,95.38,2,11513.56,8007.27
2023,D26,R4,D26_P4,R4,108.78,4,7662.93,8007.27
2023,D26,R4,D26_P4,R4,111.26,2,15143.28,8007.27
2023,D26,R4,D26_P4,R4,82.2,3,14957.45,8007.27
2023,D26,R4,D26_P4,R4,107.78,1,26416.65,8007.27
2023,D26,R4,D26_P4,R4,101.27,2,13667.72,8007.27
2023,D26,R4,D26_P4,R4,119.56,2,13047.74,8007.27
2023,D26,R4,D26_P4,R4,93.56,3,13564.31,8007.27
2023,D26,R4,D26_P4,R4,113.21,3,16729.81,8007.27
2023,D26,R4,D26_P5,R4,103.15,2,26151.51,8007.27
2023,D26,R4,D26_P5,R4,117.38,4,22016.36,8007.27
2023,D26,R4,D26_P5,R4,112.68,3,11388.38,8007.27
2023,D26,R4,D26_P5,R4,106.65,1,13523.05,8007.27
2023,D26,R4,D26_P5,R4,82.38,4,11518.87,8007.27
2023,D26,R4,D26_P5,R4,104.79,2,36987.16,8007.27
2023,D26,R4,D26_P5,R4,84.33,2,22472.65,8007.27
2023,D26,R4,D26_P5,R4,85.48,1,34401.76,8007.27
2023,D26,R4,D26_P6,R4,116.15,1,27850.82,8007.27
2023,D26,R4,D26_P6,R4,109.37,3,29194.26,8007.27
2023,D26,R4,D26_P6,R4,108.3,4,16430.79,8007.27
2023,D26,R4,D26_P6,R4,88.05,3,11630.14,8007.27
2023,D26,R4,D26_P6,R4,90.93,3,17077.72,8007.27
2023,D26,R4,D26_P6,R4,97.07,1,14589.38,8007.27
2023,D26,R4,D26_P6,R4,95.66,1,9163.4,8007.27
2023,D26,R4,D26_P6,R4,106.17,6,14431.84,8007.27
2022,D27,R4,D27_P1,R4,93.52,3,27902.4,7860.87
2022,D27,R4,D27_P1,R4,119.26,5,34925.51,7860.87
2022,D27,R4,D27_P1,R4,83.77,2,14688.15,7860.87
2022,D27,R4,D27_P1,R4,104.34,4,16794.87,7860.87
2022,D27,R4,D27_P1,R4,112.69,5,19703.35,7860.87
2022,D27,R4,D27_P1,R4,108.71,3,21778.15,7860.87
2022,D27,R4,D27_P1,R4,114.56,2,10268.54,7860.87
2022,D27,R4,D27_P1,R4,94.8,1,27115.02,7860.87
2022,D27,R4,D27_P2,R4,103.88,3,12636.47,7860.87
2022,D27,R4,D27_P2,R4,108.22,5,20174.53,7860.87
2022,D27,R4,D27_P2,R4,101.41,1,14319.87,7860.87
2022,D27,R4,D27_P2,R4,104.32,2,43187.48,7860.87
2022,D27,R4,D27_P2,R4,106.84,3,16715.95,7860.87
2022,D27,R4,D27_P2,R4,80.25,3,31866.95,7860.87
2022,D27,R4,D27_P2,R4,112.71,2,46214.84,7860.87
2022,D27,R4,D27_P2,R4,104.73,2,17315.38,7860.87
2022,D27,R4,D27_P3,R4,106.98,1,17609.64,7860.87
2022,D27,R4,D27_P3,R4,86.79,2,25359.78,7860.87
2022,D27,R4,D27_P3,R4,116.41,2,46341.12,7860.87
2022,D27,R4,D27_P3,R4,97.44,3,21837.13,7860.87
2022,D27,R4,D27_P3,R4,111.46,1,19466.07,7860.87
2022,D27,R4,D27_P3,R4,108.13,3,14024.33,7860.87
2022,D27,R4,D27_P3,R4,98.56,3,18389.23,7860.87
2022,D27,R4,D27_P3,R4,104.92,2,23262.52,7860.87
2022,D27,R4,D27_P4,R4,101.57,1,10373.94,7860.87
2022,D27,R4,D27_P4,R4,81.33,3,13484.28,7860.87
2022,D27,R4,D27_P4,R4,97.06,2,18668.24,7860.87
2022,D27,R4,D27_P4,R4,115.37,1,8043.27,7860.87
2022,D27,R4,D27_P4,R4,94.33,4,25509.83,7860.87
2022,D27,R4,D27_P4,R4,108.21,2,21985.28,7860.87
2022,D27,R4,D27_P4,R4,116.47,3,46469.32,7860.87
2022,D27,R4,D27_P4,R4,84.4,3,37494.3,7860.87
2022,D27,R4,D27_P5,R4,106.53,2,32790.59,7860.87
2022,D27,R4,D27_P5,R4,104.79,2,14100.13,7860.87
2022,D27,R4,D27_P5,R4,87.74,1,20965.36,7860.87
2022,D27,R4,D27_P5,R4,93.57,2,22836.16,7860.87
2022,D27,R4,D27_P5,R4,88.39,4,32470.17,7860.87
2022,D27,R4,D27_P5,R4,90.96,3,26553.23,7860.87
2022,D27,R4,D27_P5,R4,80.11,2,22295.29,7860.87
2022,D27,R4,D27_P5,R4,103.4,4,19345.54,7860.87
2022,D27,R4,D27_P6,R4,107.57,1,16553.02,7860.87
2022,D27,R4,D27_P6,R4,116.57,2,26033.16,7860.87
2022,D27,R4,D27_P6,R4,113.02,4,42515.72,7860.87
2022,D27,R4,D27_P6,R4,114.0,4,33262.4,7860.87
2022,D27,R4,D27_P6,R4,116.15,2,45663.39,7860.87
2022,D27,R4,D27_P6,R4,90.18,3,33432.71,7860.87
2022,D27,R4,D27_P6,R4,97.3,3,19221.35,7860.87
2022,D27,R4,D27_P6,R4,89.99,1,15598.11,7860.87
2023,D27,R4,D27_P1,R4,103.18,2,20180.72,8007.27
2023,D27,R4,D27_P1,R4,113.7,1,32673.88,8007.27
2023,D27,R4,D27_P1,R4,86.23,3,10892.58,8007.27
2023,D27,R4,D27_P1,R4,118.15,2,12768.22,8007.27
2023,D27,R4,D27_P1,R4,93.7,1,21488.03,8007.27
2023,D27,R4,D27_P1,R4,97.74,3,45683.15,8007.27
2023,D27,R4,D27_P1,R4,115.1,4,24735.28,8007.27
2023,D27,R4,D27_P1,R4,99.35,2,33201.21,8007.27
2023,D27,R4,D27_P2,R4,92.19,1,13954.2,8007.27
2023,D27,R4,D27_P2,R4,88.7,3,17509.23,8007.27
2023,D27,R4,D27_P2,R4,119.14,2,9112.61,8007.27
2023,D27,R4,D27_P2,R4,81.61,2,30073.49,8007.27
2023,D27,R4,D27_P2,R4,103.45,1,22545.38,8007.27
2023,D27,R4,D27_P2,R4,112.92,3,15073.31,8007.27
2023,D27,R4,D27_P2,R4,103.74,2,18427.75,8007.27
2023,D27,R4,D27_P2,R4,80.55,4,27925.52,8007.27
2023,D27,R4,D27_P3,R4,93.18,3,12705.34,8007.27
2023,D27,R4,D27_P3,R4,87.42,3,27777.17,8007.27
2023,D27,R4,D27_P3,R4,116.49,5,29540.01,8007.27
2023,D27,R4,D27_P3,R4,115.49,2,11594.08,8007.27
2023,D27,R4,D27_P3,R4,118.43,1,37860.96,8007.27
2023,D27,R4,D27_P3,R4,82.39,4,26999.25,8007.27
2023,D27,R4,D27_P3,R4,94.27,4,36288.29,8007.27
2023,D27,R4,D27_P3,R4,94.28,5,20856.53,8007.27
2023,D27,R4,D27_P4,R4,90.23,5,12043.06,8007.27
2023,D27,R4,D27_P4,R4,102.04,4,23434.81,8007.27
2023,D27,R4,D27_P4,R4,84.15,3,24020.82,8007.27
2023,D27,R4,D27_P4,R4,90.14,2,26497.27,8007.27
2023,D27,R4,D27_P4,R4,107.88,2,15892.68,8007.27
2023,D27,R4,D27_P4,R4,94.74,3,19122.36,8007.27
2023,D27,R4,D27_P4,R4,102.61,1,25376.47,8007.27
2023,D27,R4,D27_P4,R4,89.99,5,43213.05,8007.27
2023,D27,R4,D27_P5,R4,102.43,2,43958.5,8007.27
2023,D27,R4,D27_P5,R4,109.0,3,31165.46,8007.27
2023,D27,R4,D27_P5,R4,88.37,2,11640.67,8007.27
2023,D27,R4,D27_P5,R4,99.92,2,16273.07,8007.27
2023,D27,R4,D27_P5,R4,108.99,3,37223.39,8007.27
2023,D27,R4,D27_P5,R4,105.87,2,15951.37,8007.27
2023,D27,R4,D27_P5,R4,90.51,2,20550.39,8007.27
2023,D27,R4,D27_P5,R4,98.82,3,31553.92,8007.27
2023,D27,R4,D27_P6,R4,113.17,5,25887.6,8007.27
2023,D27,R4,D27_P6,R4,86.62,1,10179.65,8007.27
2023,D27,R4,D27_P6,R4,117.9,3,19892.94,8007.27
2023,D27,R4,D27_P6,R4,90.63,2,17269.6,8007.27
2023,D27,R4,D27_P6,R4,97.7,2,35201.37,8007.27
2023,D27,R4,D27_P6,R4,116.71,4,45017.86,8007.27
2023,D27,R4,D27_P6,R4,105.57,6,21362.08,8007.27
2023,D27,R4,D27_P6,R4,112.36,2,22952.36,8007.27
2022,D28,R4,D28_P1,R4,96.64,1,29041.9,7860.87
2022,D28,R4,D28_P1,R4,114.26,4,13054.45,7860.87
2022,D28,R4,D28_P1,R4,108.58,2,25545.73,7860.87
2022,D28,R4,D28_P1,R4,116.6,2,8948.32,7860.87
2022,D28,R4,D28_P1,R4,98.08,4,22220.63,7860.87
2022,D28,R4,D28_P1,R4,95.41,2,6984.85,7860.87
2022,D28,R4,D28_P1,R4,85.88,1,13959.27,7860.87
2022,D28,R4,D28_P1,R4,80.34,3,22164.85,7860.87
2022,D28,R4,D28_P2,R4,95.83,4,25251.36,7860.87
2022,D28,R4,D28_P2,R4,101.29,1,13692.82,7860.87
2022,D28,R4,D28_P2,R4,100.25,3,63060.68,7860.87
2022,D28,R4,D28_P2,R4,101.58,3,20402.75,7860.87
2022,D28,R4,D28_P2,R4,99.84,2,16494.25,7860.87
2022,D28,R4,D28_P2,R4,113.6,2,15909.05,7860.87
2022,D28,R4,D28_P2,R4,117.35,3,32272.85,7860.87
2022,D28,R4,D28_P2,R4,85.39,2,26546.44,7860.87
2022,D28,R4,D28_P3,R4,103.99,2,9786.89,7860.87
2022,D28,R4,D28_P3,R4,97.54,3,16318.16,7860.87
2022,D28,R4,D28_P3,R4,113.0,1,26043.51,7860.87
2022,D28,R4,D28_P3,R4,109.63,4,9538.78,7860.87
2022,D28,R4,D28_P3,R4,81.37,3,25015.67,7860.87
2022,D28,R4,D28_P3,R4,84.39,1,6164.51,7860.87
2022,D28,R4,D28_P3,R4,89.28,2,3412.19,7860.87
2022,D28,R4,D28_P3,R4,86.25,1,55579.33,7860.87
2022,D28,R4,D28_P4,R4,114.48,3,3674.83,7860.87
2022,D28,R4,D28_P4,R4,81.57,2,26241.77,7860.87
2022,D28,R4,D28_P4,R4,103.65,2,11672.3,7860.87
2022,D28,R4,D28_P4,R4,86.55,3,8109.9,7860.87
2022,D28,R4,D28_P4,R4,109.08,2,17301.43,7860.87
2022,D28,R4,D28_P4,R4,104.41,4,13670.79,7860.87
2022,D28,R4,D28_P4,R4,106.09,2,5817.1,7860.87
2022,D28,R4,D28_P4,R4,87.18,2,15950.14,7860.87
2022,D28,R4,D28_P5,R4,115.06,1,25714.65,7860.87
2022,D28,R4,D28_P5,R4,90.11,2,19496.74,7860.87
2022,D28,R4,D28_P5,R4,103.32,4,10158.38,7860.87
2022,D28,R4,D28_P5,R4,82.06,2,13909.3,7860.87
2022,D28,R4,D28_P5,R4,84.16,2,21712.07,7860.87
2022,D28,R4,D28_P5,R4,98.35,3,22952.99,7860.87
2022,D28,R4,D28_P5,R4,117.28,4,20148.47,7860.87
2022,D28,R4,D28_P5,R4,92.0,4,18733.16,7860.87
2022,D28,R4,D28_P6,R4,89.95,1,34625.29,7860.87
2022,D28,R4,D28_P6,R4,107.15,1,19885.95,7860.87
2022,D28,R4,D28_P6,R4,89.24,3,34733.57,7860.87
2022,D28,R4,D28_P6,R4,94.9,2,20700.23,7860.87
2022,D28,R4,D28_P6,R4,116.0,3,18267.49,7860.87
2022,D28,R4,D28_P6,R4,106.73,2,17734.25,7860.87
2022,D28,R4,D28_P6,R4,91.52,1,20351.37,7860.87
2022,D28,R4,D28_P6,R4,117.04,2,12553.29,7860.87
2023,D28,R4,D28_P1,R4,108.84,3,15942.57,8007.27
2023,D28,R4,D28_P1,R4,102.32,4,23538.62,8007.27
2023,D28,R4,D28_P1,R4,100.38,2,18570.87,8007.27
2023,D28,R4,D28_P1,R4,95.67,2,13957.32,8007.27
2023,D28,R4,D28_P1,R4,91.01,1,12101.21,8007.27
2023,D28,R4,D28_P1,R4,107.35,2,20220.48,8007.27
2023,D28,R4,D28_P1,R4,115.11,4,14989.37,8007.27
2023,D28,R4,D28_P1,R4,118.11,3,14113.23,8007.27
2023,D28,R4,D28_P2,R4,106.8,2,29184.05,8007.27
2023,D28,R4,D28_P2,R4,80.07,5,16122.85,8007.27
2023,D28,R4,D28_P2,R4,108.05,3,16545.77,8007.27
2023,D28,R4,D28_P2,R4,115.15,2,22209.86,8007.27
2023,D28,R4,D28_P2,R4,88.06,3,41348.8,8007.27
2023,D28,R4,D28_P2,R4,83.19,2,25011.52,8007.27
2023,D28,R4,D28_P2,R4,101.87,2,20715.14,8007.27
2023,D28,R4,D28_P2,R4,117.99,2,15693.45,8007.27
2023,D28,R4,D28_P3,R4,87.3,3,18843.46,8007.27
2023,D28,R4,D28_P3,R4,118.07,1,7070.52,8007.27
2023,D28,R4,D28_P3,R4,87.53,1,20902.76,8007.27
2023,D28,R4,D28_P3,R4,97.74,1,32162.01,8007.27
2023,D28,R4,D28_P3,R4,89.32,4,12196.21,8007.27
2023,D28,R4,D28_P3,R4,112.54,2,49307.39,8007.27
2023,D28,R4,D28_P3,R4,84.25,2,12457.04,8007.27
2023,D28,R4,D28_P3,R4,87.08,2,11438.32,8007.27
2023,D28,R4,D28_P4,R4,107.05,2,22935.13,8007.27
2023,D28,R4,D28_P4,R4,88.62,1,20462.17,8007.27
2023,D28,R4,D28_P4,R4,93.36,2,5757.41,8007.27
2023,D28,R4,D28_P4,R4,83.31,4,20565.49,8007.27
2023,D28,R4,D28_P4,R4,89.89,1,16508.91,8007.27
2023,D28,R4,D28_P4,R4,115.58,3,15424.84,8007.27
2023,D28,R4,D28_P4,R4,86.01,3,18977.87,8007.27
2023,D28,R4,D28_P4,R4,80.9,3,9063.62,8007.27
2023,D28,R4,D28_P5,R4,109.61,2,26371.97,8007.27
2023,D28,R4,D28_P5,R4,96.79,3,22532.07,8007.27
2023,D28,R4,D28_P5,R4,83.14,4,12701.98,8007.27
2023,D28,R4,D28_P5,R4,90.18,4,15243.22,8007.27
2023,D28,R4,D28_P5,R4,97.97,1,15448.06,8007.27
2023,D28,R4,D28_P5,R4,109.16,2,17909.76,8007.27
2023,D28,R4,D28_P5,R4,114.88,5,10244.19,8007.27
2023,D28,R4,D28_P5,R4,105.67,4,11739.6,8007.27
2023,D28,R4,D28_P6,R4,87.97,3,19289.05,8007.27
2023,D28,R4,D28_P6,R4,115.09,2,23530.11,8007.27
2023,D28,R4,D28_P6,R4,83.35,3,23890.28,8007.27
2023,D28,R4,D28_P6,R4,88.29,2,9668.49,8007.27
2023,D28,R4,D28_P6,R4,107.1,1,42295.75,8007.27
2023,D28,R4,D28_P6,R4,98.73,2,9022.77,8007.27
2023,D28,R4,D28_P6,R4,106.9,2,22253.92,8007.27
2023,D28,R4,D28_P6,R4,85.95,1,31394.23,8007.27
2022,D29,R4,D29_P1,R4,112.02,6,13372.61,7860.87
2022,D29,R4,D29_P1,R4,84.71,3,21816.93,7860.87
2022,D29,R4,D29_P1,R4,98.38,2,44343.76,7860.87
2022,D29,R4,D29_P1,R4,106.47,2,13982.73,7860.87
2022,D29,R4,D29_P1,R4,96.3,5,26636.59,7860.87
2022,D29,R4,D29_P1,R4,95.89,5,11855.21,7860.87
2022,D29,R4,D29_P1,R4,109.87,3,13507.14,7860.87
2022,D29,R4,D29_P1,R4,89.46,2,15366.02,7860.87
2022,D29,R4,D29_P2,R4,99.53,3,12608.75,7860.87
2022,D29,R4,D29_P2,R4,94.62,4,17013.6,7860.87
2022,D29,R4,D29_P2,R4,103.58,4,21028.42,7860.87
2022,D29,R4,D29_P2,R4,96.15,3,18921.96,7860.87
2022,D29,R4,D29_P2,R4,112.71,2,7437.96,7860.87
2022,D29,R4,D29_P2,R4,81.83,2,13243.75,7860.87
2022,D29,R4,D29_P2,R4,91.0,5,21512.42,7860.87
2022,D29,R4,D29_P2,R4,88.66,2,19259.38,7860.87
2022,D29,R4,D29_P3,R4,105.4,2,31536.32,7860.87
2022,D29,R4,D29_P3,R4,103.34,4,20894.36,7860.87
2022,D29,R4,D29_P3,R4,100.7,2,42053.77,7860.87
2022,D29,R4,D29_P3,R4,84.03,2,40227.86,7860.87
2022,D29,R4,D29_P3,R4,114.49,3,29557.9,7860.87
2022,D29,R4,D29_P3,R4,115.79,3,30312.7,7860.87
2022,D29,R4,D29_P3,R4,100.11,3,23775.07,7860.87
2022,D29,R4,D29_P3,R4,90.42,1,53070.62,7860.87
2022,D29,R4,D29_P4,R4,89.92,1,7654.93,7860.87
2022,D29,R4,D29_P4,R4,97.36,1,13810.11,7860.87
2022,D29,R4,D29_P4,R4,88.67,1,9600.52,7860.87
2022,D29,R4,D29_P4,R4,88.0,3,18199.34,7860.87
2022,D29,R4,D29_P4,R4,92.08,2,14814.67,7860.87
2022,D29,R4,D29_P4,R4,103.6,2,20815.54,7860.87
2022,D29,R4,D29_P4,R4,84.03,2,8476.11,7860.87
2022,D29,R4,D29_P4,R4,81.6,4,16696.43,7860.87
2022,D29,R4,D29_P5,R4,106.15,3,17129.41,7860.87
2022,D29,R4,D29_P5,R4,118.82,1,46514.66,7860.87
2022,D29,R4,D29_P5,R4,81.94,1,22472.14,7860.87
2022,D29,R4,D29_P5,R4,100.75,2,8249.9,7860.87
2022,D29,R4,D29_P5,R4,83.85,4,22278.55,7860.87
2022,D29,R4,D29_P5,R4,104.6,4,11909.6,7860.87
2022,D29,R4,D29_P5,R4,84.6,3,7033.32,7860.87
2022,D29,R4,D29_P5,R4,83.08,2,11052.35,7860.87
2022,D29,R4,D29_P6,R4,100.8,4,28644.88,7860.87
2022,D29,R4,D29_P6,R4,117.6,4,17206.15,7860.87
2022,D29,R4,D29_P6,R4,99.39,3,21998.85,7860.87
2022,D29,R4,D29_P6,R4,117.28,2,10029.21,7860.87
2022,D29,R4,D29_P6,R4,96.55,2,9031.98,7860.87
2022,D29,R4,D29_P6,R4,110.34,2,11262.43,7860.87
2022,D29,R4,D29_P6,R4,106.24,3,27367.25,7860.87
2022,D29,R4,D29_P6,R4,89.05,1,33726.93,7860.87
2023,D29,R4,D29_P1,R4,82.31,3,33007.36,8007.27
2023,D29,R4,D29_P1,R4,82.67,2,12957.02,8007.27
2023,D29,R4,D29_P1,R4,89.05,2,9966.88,8007.27
2023,D29,R4,D29_P1,R4,98.51,1,11751.41,8007.27
2023,D29,R4,D29_P1,R4,93.64,3,13692.46,8007.27
2023,D29,R4,D29_P1,R4,91.0,3,23403.88,8007.27
2023,D29,R4,D29_P1,R4,86.5,1,31366.36,8007.27
2023,D29,R4,D29_P1,R4,102.77,1,11188.34,8007.27
2023,D29,R4,D29_P2,R4,102.77,2,25250.01,8007.27
2023,D29,R4,D29_P2,R4,108.22,1,15540.19,8007.27
2023,D29,R4,D29_P2,R4,84.91,3,23956.64,8007.27
2023,D29,R4,D29_P2,R4,117.16,4,16062.73,8007.27
2023,D29,R4,D29_P2,R4,92.24,2,14128.65,8007.27
2023,D29,R4,D29_P2,R4,93.17,2,15931.22,8007.27
2023,D29,R4,D29_P2,R4,88.16,1,22142.28,8007.27
2023,D29,R4,D29_P2,R4,96.51,4,24996.62,8007.27
2023,D29,R4,D29_P3,R4,102.79,3,29149.92,8007.27
2023,D29,R4,D29_P3,R4,105.89,3,57332.4,8007.27
2023,D29,R4,D29_P3,R4,116.35,3,15038.26,8007.27
2023,D29,R4,D29_P3,R4,100.85,1,16813.48,8007.27
2023,D29,R4,D29_P3,R4,81.07,1,9809.82,8007.27
2023,D29,R4,D29_P3,R4,110.67,3,19054.96,8007.27
2023,D29,R4,D29_P3,R4,108.35,4,16865.09,8007.27
2023,D29,R4,D29_P3,R4,87.55,2,30799.59,8007.27
2023,D29,R4,D29_P4,R4,103.8,1,17325.16,8007.27
2023,D29,R4,D29_P4,R4,106.75,2,7681.79,8007.27
2023,D29,R4,D29_P4,R4,86.33,3,15596.16,8007.27
2023,D29,R4,D29_P4,R4,83.51,2,20143.61,8007.27
2023,D29,R4,D29_P4,R4,86.91,3,16675.81,8007.27
2023,D29,R4,D29_P4,R4,100.04,2,8886.97,8007.27
2023,D29,R4,D29_P4,R4,100.85,2,16069.71,8007.27
2023,D29,R4,D29_P4,R4,115.54,3,20629.89,8007.27
2023,D29,R4,D29_P5,R4,84.35,1,11458.79,8007.27
2023,D29,R4,D29_P5,R4,98.26,5,39367.71,8007.27
2023,D29,R4,D29_P5,R4,113.64,3,11439.89,8007.27
2023,D29,R4,D29_P5,R4,96.82,2,11402.7,8007.27
2023,D29,R4,D29_P5,R4,113.96,4,15887.42,8007.27
2023,D29,R4,D29_P5,R4,115.37,2,27387.91,8007.27
2023,D29,R4,D29_P5,R4,97.12,3,22367.42,8007.27
2023,D29,R4,D29_P5,R4,89.71,2,19403.87,8007.27
2023,D29,R4,D29_P6,R4,80.74,1,12663.4,8007.27
2023,D29,R4,D29_P6,R4,112.18,3,13261.65,8007.27
2023,D29,R4,D29_P6,R4,116.46,3,27204.91,8007.27
2023,D29,R4,D29_P6,R4,82.55,4,27020.63,8007.27
2023,D29,R4,D29_P6,R4,94.23,3,38603.87,8007.27
2023,D29,R4,D29_P6,R4,88.15,2,21228.21,8007.27
2023,D29,R4,D29_P6,R4,119.45,1,42069.98,8007.27
2023,D29,R4,D29_P6,R4,108.64,2,26484.37,8007.27
2022,D30,R4,D30_P1,R4,115.65,2,16627.24,7860.87
2022,D30,R4,D30_P1,R4,89.31,2,8838.1,7860.87
2022,D30,R4,D30_P1,R4,118.39,2,11738.44,7860.87
2022,D30,R4,D30_P1,R4,118.26,2,8016.16,7860.87
2022,D30,R4,D30_P1,R4,108.92,1,14990.42,7860.87
2022,D30,R4,D30_P1,R4,103.01,2,13188.93,7860.87
2022,D30,R4,D30_P1,R4,111.36,4,12762.15,7860.87
2022,D30,R4,D30_P1,R4,89.16,1,8168.02,7860.87
2022,D30,R4,D30_P2,R4,112.15,1,19350.31,7860.87
2022,D30,R4,D30_P2,R4,91.82,4,23696.33,7860.87
2022,D30,R4,D30_P2,R4,119.58,2,10658.81,7860.87
2022,D30,R4,D30_P2,R4,112.96,3,14688.65,7860.87
2022,D30,R4,D30_P2,R4,84.73,5,4238.7,7860.87
2022,D30,R4,D30_P2,R4,82.4,2,4723.77,7860.87
2022,D30,R4,D30_P2,R4,96.53,3,15300.94,7860.87
2022,D30,R4,D30_P2,R4,118.48,3,6278.8,7860.87
2022,D30,R4,D30_P3,R4,86.78,1,20616.32,7860.87
2022,D30,R4,D30_P3,R4,105.46,3,12763.62,7860.87
2022,D30,R4,D30_P3,R4,95.46,4,7984.3,7860.87
2022,D30,R4,D30_P3,R4,116.66,2,7294.5,7860.87
2022,D30,R4,D30_P3,R4,103.25,3,4519.38,7860.87
2022,D30,R4,D30_P3,R4,87.3,1,5613.66,7860.87
2022,D30,R4,D30_P3,R4,109.19,2,22530.99,7860.87
2022,D30,R4,D30_P3,R4,91.89,2,6821.86,7860.87
2022,D30,R4,D30_P4,R4,94.7,4,7281.97,7860.87
2022,D30,R4,D30_P4,R4,84.75,2,21324.34,7860.87
2022,D30,R4,D30_P4,R4,116.26,4,12017.14,7860.87
2022,D30,R4,D30_P4,R4,93.13,4,13295.05,7860.87
2022,D30,R4,D30_P4,R4,118.05,3,22788.95,7860.87
2022,D30,R4,D30_P4,R4,90.71,3,12537.16,7860.87
2022,D30,R4,D30_P4,R4,100.89,3,13179.39,7860.87
2022,D30,R4,D30_P4,R4,85.38,1,8645.31,7860.87
2022,D30,R4,D30_P5,R4,112.42,5,13421.79,7860.87
2022,D30,R4,D30_P5,R4,96.94,3,9230.74,7860.87
2022,D30,R4,D30_P5,R4,84.57,1,9655.09,7860.87
2022,D30,R4,D30_P5,R4,111.03,3,11548.18,7860.87
2022,D30,R4,D30_P5,R4,102.82,2,10932.78,7860.87
2022,D30,R4,D30_P5,R4,81.52,4,8770.57,7860.87
2022,D30,R4,D30_P5,R4,113.06,2,7669.66,7860.87
2022,D30,R4,D30_P5,R4,85.58,3,11523.06,7860.87
2022,D30,R4,D30_P6,R4,84.73,2,15724.89,7860.87
2022,D30,R4,D30_P6,R4,90.89,1,12037.78,7860.87
2022,D30,R4,D30_P6,R4,103.86,4,39729.24,7860.87
2022,D30,R4,D30_P6,R4,83.86,2,20792.76,7860.87
2022,D30,R4,D30_P6,R4,108.07,4,8339.44,7860.87
2022,D30,R4,D30_P6,R4,105.99,1,16524.01,7860.87
2022,D30,R4,D30_P6,R4,117.03,3,16815.32,7860.87
2022,D30,R4,D30_P6,R4,118.1,1,3347.73,7860.87
2023,D30,R4,D30_P1,R4,90.14,3,10758.97,8007.27
2023,D30,R4,D30_P1,R4,107.79,3,24438.4,8007.27
2023,D30,R4,D30_P1,R4,107.02,3,5342.68,8007.27
2023,D30,R4,D30_P1,R4,91.53,1,13442.16,8007.27
2023,D30,R4,D30_P1,R4,88.71,4,12279.16,8007.27
2023,D30,R4,D30_P1,R4,106.54,4,11916.63,8007.27
2023,D30,R4,D30_P1,R4,83.95,1,11919.45,8007.27
2023,D30,R4,D30_P1,R4,92.66,3,9900.44,8007.27
2023,D30,R4,D30_P2,R4,84.76,1,12496.34,8007.27
2023,D30,R4,D30_P2,R4,88.17,1,7658.68,8007.27
2023,D30,R4,D30_P2,R4,106.37,2,4917.26,8007.27
2023,D30,R4,D30_P2,R4,101.55,3,4965.25,8007.27
2023,D30,R4,D30_P2,R4,87.27,5,13923.25,8007.27
2023,D30,R4,D30_P2,R4,82.45,3,7233.71,8007.27
2023,D30,R4,D30_P2,R4,100.58,2,7829.04,8007.27
2023,D30,R4,D30_P2,R4,112.0,2,5729.77,8007.27
2023,D30,R4,D30_P3,R4,84.19,2,12032.09,8007.27
2023,D30,R4,D30_P3,R4,118.2,3,10811.59,8007.27
2023,D30,R4,D30_P3,R4,90.45,4,5870.39,8007.27
2023,D30,R4,D30_P3,R4,106.82,3,9402.17,8007.27
2023,D30,R4,D30_P3,R4,116.4,3,16305.48,8007.27
2023,D30,R4,D30_P3,R4,106.88,1,12617.63,8007.27
2023,D30,R4,D30_P3,R4,102.77,4,21338.4,8007.27
2023,D30,R4,D30_P3,R4,92.9,4,6626.91,8007.27
2023,D30,R4,D30_P4,R4,86.36,3,13555.13,8007.27
2023,D30,R4,D30_P4,R4,90.07,2,17935.41,8007.27
2023,D30,R4,D30_P4,R4,101.94,4,23964.72,8007.27
2023,D30,R4,D30_P4,R4,100.01,1,21015.72,8007.27
2023,D30,R4,D30_P4,R4,106.47,3,15340.77,8007.27
2023,D30,R4,D30_P4,R4,88.13,3,16874.47,8007.27
2023,D30,R4,D30_P4,R4,96.12,2,22961.52,8007.27
2023,D30,R4,D30_P4,R4,105.62,1,13636.71,8007.27
2023,D30,R4,D30_P5,R4,98.72,1,14836.16,8007.27
2023,D30,R4,D30_P5,R4,91.75,5,8972.15,8007.27
2023,D30,R4,D30_P5,R4,114.3,2,14033.21,8007.27
2023,D30,R4,D30_P5,R4,109.95,2,9221.5,8007.27
2023,D30,R4,D30_P5,R4,82.15,3,12391.45,8007.27
2023,D30,R4,D30_P5,R4,88.87,3,10200.64,8007.27
2023,D30,R4,D30_P5,R4,114.71,3,9674.96,8007.27
2023,D30,R4,D30_P5,R4,104.16,4,14433.66,8007.27
2023,D30,R4,D30_P6,R4,88.59,1,14986.61,8007.27
2023,D30,R4,D30_P6,R4,81.59,1,16521.47,8007.27
2023,D30,R4,D30_P6,R4,89.59,2,14447.57,8007.27
2023,D30,R4,D30_P6,R4,90.42,3,24151.24,8007.27
2023,D30,R4,D30_P6,R4,95.9,3,6332.7,8007.27
2023,D30,R4,D30_P6,R4,95.7,2,19285.73,8007.27
2023,D30,R4,D30_P6,R4,84.27,3,24129.19,8007.27
2023,D30,R4,D30_P6,R4,104.85,4,11986.96,8007.27
2022,D31,R4,D31_P1,R4,101.05,1,16264.3,7860.87
2022,D31,R4,D31_P1,R4,115.39,4,17059.71,7860.87
2022,D31,R4,D31_P1,R4,104.55,3,17563.2,7860.87
2022,D31,R4,D31_P1,R4,104.4,4,14808.93,7860.87
2022,D31,R4,D31_P1,R4,114.81,3,16232.77,7860.87
2022,D31,R4,D31_P2,R4,82.2,3,11869.26,7860.87
2022,D31,R4,D31_P2,R4,95.42,3,13350.26,7860.87
2022,D31,R4,D31_P2,R4,96.62,2,9047.44,7860.87
2022,D31,R4,D31_P2,R4,93.99,4,5232.82,7860.87
2022,D31,R4,D31_P2,R4,95.38,4,14711.38,7860.87
2022,D31,R4,D31_P3,R4,87.16,1,19635.22,7860.87
2022,D31,R4,D31_P3,R4,89.24,2,23968.46,7860.87
2022,D31,R4,D31_P3,R4,111.29,2,14146.94,7860.87
2022,D31,R4,D31_P3,R4,84.35,3,34350.65,7860.87
2022,D31,R4,D31_P3,R4,111.06,4,24797.97,7860.87
2023,D31,R4,D31_P1,R4,103.49,1,17257.68,8007.27
2023,D31,R4,D31_P1,R4,113.33,3,35884.78,8007.27
2023,D31,R4,D31_P1,R4,100.39,4,17309.89,8007.27
2023,D31,R4,D31_P1,R4,93.13,3,13701.12,8007.27
2023,D31,R4,D31_P1,R4,84.29,3,17313.79,8007.27
2023,D31,R4,D31_P2,R4,84.04,1,12874.03,8007.27
2023,D31,R4,D31_P2,R4,107.3,1,6306.06,8007.27
2023,D31,R4,D31_P2,R4,103.27,1,9087.93,8007.27
2023,D31,R4,D31_P2,R4,115.14,1,19193.62,8007.27
2023,D31,R4,D31_P2,R4,100.27,3,9250.72,8007.27
2023,D31,R4,D31_P3,R4,85.51,2,19015.07,8007.27
2023,D31,R4,D31_P3,R4,96.27,4,15223.89,8007.27
2023,D31,R4,D31_P3,R4,95.29,1,16663.18,8007.27
2023,D31,R4,D31_P3,R4,99.3,2,11980.86,8007.27
2023,D31,R4,D31_P3,R4,99.85,2,16595.64,8007.27
2022,D32,R4,D32_P1,R4,86.3,1,10260.11,7860.87
2022,D32,R4,D32_P1,R4,93.13,1,21197.91,7860.87
2022,D32,R4,D32_P1,R4,113.64,1,29617.6,7860.87
2022,D32,R4,D32_P1,R4,110.59,5,21024.24,7860.87
2022,D32,R4,D32_P1,R4,89.55,2,8299.75,7860.87
2022,D32,R4,D32_P1,R4,83.56,3,7615.81,7860.87
2022,D32,R4,D32_P1,R4,88.51,2,16808.27,7860.87
2022,D32,R4,D32_P1,R4,81.25,4,14391.25,7860.87
2022,D32,R4,D32_P2,R4,114.46,2,20394.71,7860.87
2022,D32,R4,D32_P2,R4,100.55,2,32418.46,7860.87
2022,D32,R4,D32_P2,R4,103.36,1,14577.94,7860.87
2022,D32,R4,D32_P2,R4,119.4,4,23411.35,7860.87
2022,D32,R4,D32_P2,R4,112.07,2,15215.18,7860.87
2022,D32,R4,D32_P2,R4,88.34,4,15232.53,7860.87
2022,D32,R4,D32_P2,R4,111.01,3,19665.78,7860.87
2022,D32,R4,D32_P2,R4,101.55,1,15777.77,7860.87
2022,D32,R4,D32_P3,R4,116.95,1,11458.71,7860.87
2022,D32,R4,D32_P3,R4,102.84,1,26262.35,7860.87
2022,D32,R4,D32_P3,R4,81.0,2,18965.04,7860.87
2022,D32,R4,D32_P3,R4,84.41,4,9143.34,7860.87
2022,D32,R4,D32_P3,R4,110.75,2,20427.67,7860.87
2022,D32,R4,D32_P3,R4,119.87,2,18872.89,7860.87
2022,D32,R4,D32_P3,R4,87.08,5,7478.37,7860.87
2022,D32,R4,D32_P3,R4,101.9,3,9863.06,7860.87
2022,D32,R4,D32_P4,R4,108.62,2,21836.37,7860.87
2022,D32,R4,D32_P4,R4,110.85,1,10615.6,7860.87
2022,D32,R4,D32_P4,R4,95.8,2,10772.4,7860.87
2022,D32,R4,D32_P4,R4,102.56,3,19859.32,7860.87
2022,D32,R4,D32_P4,R4,91.26,2,26103.16,7860.87
2022,D32,R4,D32_P4,R4,105.07,3,18120.32,7860.87
2022,D32,R4,D32_P4,R4,91.5,3,19865.73,7860.87
2022,D32,R4,D32_P4,R4,91.98,2,11106.39,7860.87
2022,D32,R4,D32_P5,R4,100.74,2,10519.97,7860.87
2022,D32,R4,D32_P5,R4,108.07,2,26877.09,7860.87
2022,D32,R4,D32_P5,R4,90.99,6,13101.45,7860.87
2022,D32,R4,D32_P5,R4,107.41,5,27523.2,7860.87
2022,D32,R4,D32_P5,R4,90.17,1,24246.83,7860.87
2022,D32,R4,D32_P5,R4,109.81,7,35461.95,7860.87
2022,D32,R4,D32_P5,R4,85.44,2,13340.33,7860.87
2022,D32,R4,D32_P5,R4,105.2,3,22865.61,7860.87
2022,D32,R4,D32_P6,R4,95.45,3,21999.19,7860.87
2022,D32,R4,D32_P6,R4,99.65,3,6963.23,7860.87
2022,D32,R4,D32_P6,R4,84.18,3,10029.22,7860.87
2022,D32,R4,D32_P6,R4,86.59,2,27382.49,7860.87
2022,D32,R4,D32_P6,R4,119.88,3,16939.06,7860.87
2022,D32,R4,D32_P6,R4,97.55,2,28591.72,7860.87
2022,D32,R4,D32_P6,R4,97.15,5,12210.82,7860.87
2022,D32,R4,D32_P6,R4,115.29,1,14784.98,7860.87
2023,D32,R4,D32_P1,R4,85.97,2,18554.38,8007.27
2023,D32,R4,D32_P1,R4,112.65,2,30277.59,8007.27
2023,D32,R4,D32_P1,R4,82.33,3,27540.6,8007.27
2023,D32,R4,D32_P1,R4,93.2,3,37711.74,8007.27
2023,D32,R4,D32_P1,R4,110.34,2,13344.2,8007.27
2023,D32,R4,D32_P1,R4,106.64,2,21344.74,8007.27
2023,D32,R4,D32_P1,R4,92.68,2,24646.18,8007.27
2023,D32,R4,D32_P1,R4,102.32,3,11466.88,8007.27
2023,D32,R4,D32_P2,R4,100.47,1,16029.11,8007.27
2023,D32,R4,D32_P2,R4,82.09,5,13583.93,8007.27
2023,D32,R4,D32_P2,R4,94.62,2,6421.71,8007.27
2023,D32,R4,D32_P2,R4,112.28,6,19540.67,8007.27
2023,D32,R4,D32_P2,R4,114.12,4,16250.69,8007.27
2023,D32,R4,D32_P2,R4,118.0,3,25150.49,8007.27
2023,D32,R4,D32_P2,R4,87.44,3,20315.18,8007.27
2023,D32,R4,D32_P2,R4,90.29,3,8794.97,8007.27
2023,D32,R4,D32_P3,R4,95.19,2,9272.86,8007.27
2023,D32,R4,D32_P3,R4,102.02,1,17461.83,8007.27
2023,D32,R4,D32_P3,R4,116.28,5,6022.76,8007.27
2023,D32,R4,D32_P3,R4,115.45,5,17066.26,8007.27
2023,D32,R4,D32_P3,R4,102.07,3,11209.98,8007.27
2023,D32,R4,D32_P3,R4,85.09,2,13046.55,8007.27
2023,D32,R4,D32_P3,R4,80.82,4,11956.94,8007.27
2023,D32,R4,D32_P3,R4,83.58,1,13666.58,8007.27
2023,D32,R4,D32_P4,R4,97.2,3,25992.5,8007.27
2023,D32,R4,D32_P4,R4,112.43,4,11792.19,8007.27
2023,D32,R4,D32_P4,R4,114.61,2,31051.15,8007.27
2023,D32,R4,D32_P4,R4,89.59,3,13448.35,8007.27
2023,D32,R4,D32_P4,R4,100.41,3,13544.46,8007.27
2023,D32,R4,D32_P4,R4,101.65,2,5736.65,8007.27
2023,D32,R4,D32_P4,R4,87.23,4,18471.29,8007.27
2023,D32,R4,D32_P4,R4,92.5,2,13708.94,8007.27
2023,D32,R4,D32_P5,R4,113.67,4,41014.12,8007.27
2023,D32,R4,D32_P5,R4,83.83,4,19951.84,8007.27
2023,D32,R4,D32_P5,R4,95.55,3,25556.75,8007.27
2023,D32,R4,D32_P5,R4,106.86,1,27278.26,8007.27
2023,D32,R4,D32_P5,R4,92.86,3,39540.78,8007.27
2023,D32,R4,D32_P5,R4,82.24,3,22882.44,8007.27
2023,D32,R4,D32_P5,R4,90.39,4,23460.19,8007.27
2023,D32,R4,D32_P5,R4,107.74,4,14382.54,8007.27
2023,D32,R4,D32_P6,R4,96.65,2,25069.0,8007.27
2023,D32,R4,D32_P6,R4,90.16,1,17337.67,8007.27
2023,D32,R4,D32_P6,R4,106.27,2,13584.91,8007.27
2023,D32,R4,D32_P6,R4,94.56,1,13359.5,8007.27
2023,D32,R4,D32_P6,R4,97.12,2,35999.96,8007.27
2023,D32,R4,D32_P6,R4,116.43,2,24214.57,8007.27
2023,D32,R4,D32_P6,R4,86.74,2,50333.24,8007.27
2023,D32,R4,D32_P6,R4,94.44,4,19052.03,8007.27
2022,D33,R5,D33_P1,R5,91.02,2,10831.78,7860.87
2022,D33,R5,D33_P1,R5,88.42,1,14460.6,7860.87
2022,D33,R5,D33_P1,R5,116.75,1,16088.37,7860.87
2022,D33,R5,D33_P1,R5,86.04,2,11413.1,7860.87
2022,D33,R5,D33_P1,R5,118.61,1,20773.06,7860.87
2022,D33,R5,D33_P1,R5,93.23,3,12409.69,7860.87
2022,D33,R5,D33_P1,R5,97.88,3,9310.58,7860.87
2022,D33,R5,D33_P1,R5,92.8,2,14336.93,7860.87
2022,D33,R5,D33_P2,R5,111.92,2,11207.77,7860.87
2022,D33,R5,D33_P2,R5,106.42,1,4657.96,7860.87
2022,D33,R5,D33_P2,R5,83.45,2,10801.59,7860.87
2022,D33,R5,D33_P2,R5,85.23,3,11076.03,7860.87
2022,D33,R5,D33_P2,R5,104.83,3,7896.13,7860.87
2022,D33,R5,D33_P2,R5,88.22,2,16240.89,7860.87
2022,D33,R5,D33_P2,R5,96.13,1,22805.11,7860.87
2022,D33,R5,D33_P2,R5,113.42,3,20935.62,7860.87
2022,D33,R5,D33_P3,R5,100.3,1,20728.13,7860.87
2022,D33,R5,D33_P3,R5,108.21,1,23708.82,7860.87
2022,D33,R5,D33_P3,R5,114.82,1,15295.05,7860.87
2022,D33,R5,D33_P3,R5,113.94,3,10494.69,7860.87
2022,D33,R5,D33_P3,R5,101.47,2,12587.89,7860.87
2022,D33,R5,D33_P3,R5,106.95,4,14633.71,7860.87
2022,D33,R5,D33_P3,R5,85.53,4,15323.78,7860.87
2022,D33,R5,D33_P3,R5,91.52,3,19261.32,7860.87
2022,D33,R5,D33_P4,R5,119.34,2,9250.04,7860.87
2022,D33,R5,D33_P4,R5,81.71,2,32131.6,7860.87
2022,D33,R5,D33_P4,R5,99.78,3,6514.72,7860.87
2022,D33,R5,D33_P4,R5,89.18,3,7220.64,7860.87
2022,D33,R5,D33_P4,R5,90.62,1,7799.02,7860.87
2022,D33,R5,D33_P4,R5,113.58,2,16937.79,7860.87
2022,D33,R5,D33_P4,R5,80.67,4,6176.96,7860.87
2022,D33,R5,D33_P4,R5,112.09,3,11540.41,7860.87
2022,D33,R5,D33_P5,R5,97.77,3,55397.55,7860.87
2022,D33,R5,D33_P5,R5,83.8,2,21080.68,7860.87
2022,D33,R5,D33_P5,R5,103.02,5,19326.08,7860.87
2022,D33,R5,D33_P5,R5,92.28,8,19798.77,7860.87
2022,D33,R5,D33_P5,R5,101.33,1,10980.19,7860.87
2022,D33,R5,D33_P5,R5,84.5,4,31849.39,7860.87
2022,D33,R5,D33_P5,R5,90.5,1,23374.33,7860.87
2022,D33,R5,D33_P5,R5,109.99,3,25088.75,7860.87
2022,D33,R5,D33_P6,R5,82.12,2,11561.28,7860.87
2022,D33,R5,D33_P6,R5,115.72,2,21510.56,7860.87
2022,D33,R5,D33_P6,R5,106.68,3,13264.61,7860.87
2022,D33,R5,D33_P6,R5,92.37,1,16320.1,7860.87
2022,D33,R5,D33_P6,R5,87.53,2,14114.97,7860.87
2022,D33,R5,D33_P6,R5,93.48,2,22928.53,7860.87
2022,D33,R5,D33_P6,R5,104.62,2,10242.85,7860.87
2022,D33,R5,D33_P6,R5,90.84,3,13882.01,7860.87
2023,D33,R5,D33_P1,R5,114.75,2,7703.91,8007.27
2023,D33,R5,D33_P1,R5,115.87,2,22238.92,8007.27
2023,D33,R5,D33_P1,R5,105.99,5,18409.04,8007.27
2023,D33,R5,D33_P1,R5,83.72,2,24837.8,8007.27
2023,D33,R5,D33_P1,R5,80.35,2,12207.87,8007.27
2023,D33,R5,D33_P1,R5,102.64,3,14243.4,8007.27
2023,D33,R5,D33_P1,R5,108.9,4,14514.15,8007.27
2023,D33,R5,D33_P1,R5,119.01,1,11372.29,8007.27
2023,D33,R5,D33_P2,R5,94.8,1,7644.29,8007.27
2023,D33,R5,D33_P2,R5,102.62,4,15040.88,8007.27
2023,D33,R5,D33_P2,R5,97.54,5,8512.81,8007.27
2023,D33,R5,D33_P2,R5,85.17,3,11735.14,8007.27
2023,D33,R5,D33_P2,R5,103.52,3,25379.86,8007.27
2023,D33,R5,D33_P2,R5,85.41,2,11418.16,8007.27
2023,D33,R5,D33_P2,R5,86.92,2,10050.09,8007.27
2023,D33,R5,D33_P2,R5,95.43,3,14644.06,8007.27
2023,D33,R5,D33_P3,R5,93.83,4,21439.27,8007.27
2023,D33,R5,D33_P3,R5,118.67,2,20020.3,8007.27
2023,D33,R5,D33_P3,R5,81.18,3,11163.53,8007.27
2023,D33,R5,D33_P3,R5,103.94,1,6789.37,8007.27
2023,D33,R5,D33_P3,R5,84.1,2,13099.35,8007.27
2023,D33,R5,D33_P3,R5,82.12,3,20321.73,8007.27
2023,D33,R5,D33_P3,R5,112.57,2,22997.82,8007.27
2023,D33,R5,D33_P3,R5,102.41,1,14741.26,8007.27
2023,D33,R5,D33_P4,R5,90.39,1,13938.05,8007.27
2023,D33,R5,D33_P4,R5,96.53,2,14187.85,8007.27
2023,D33,R5,D33_P4,R5,117.98,3,10359.51,8007.27
2023,D33,R5,D33_P4,R5,110.93,2,8008.74,8007.27
2023,D33,R5,D33_P4,R5,102.74,3,22803.36,8007.27
2023,D33,R5,D33_P4,R5,88.57,6,24792.26,8007.27
2023,D33,R5,D33_P4,R5,113.94,5,12523.68,8007.27
2023,D33,R5,D33_P4,R5,80.34,4,11014.79,8007.27
2023,D33,R5,D33_P5,R5,103.88,3,11761.03,8007.27
2023,D33,R5,D33_P5,R5,118.31,1,10940.8,8007.27
2023,D33,R5,D33_P5,R5,80.89,3,9677.52,8007.27
2023,D33,R5,D33_P5,R5,95.16,1,21488.63,8007.27
2023,D33,R5,D33_P5,R5,110.54,3,14841.57,8007.27
2023,D33,R5,D33_P5,R5,107.83,3,14392.23,8007.27
2023,D33,R5,D33_P5,R5,95.99,3,13476.44,8007.27
2023,D33,R5,D33_P5,R5,114.25,1,17724.99,8007.27
2023,D33,R5,D33_P6,R5,110.92,1,18319.41,8007.27
2023,D33,R5,D33_P6,R5,116.28,1,22973.55,8007.27
2023,D33,R5,D33_P6,R5,119.89,2,20329.15,8007.27
2023,D33,R5,D33_P6,R5,107.97,2,22880.34,8007.27
2023,D33,R5,D33_P6,R5,83.73,2,15524.17,8007.27
2023,D33,R5,D33_P6,R5,106.48,1,21645.21,8007.27
2023,D33,R5,D33_P6,R5,116.97,2,16966.45,8007.27
2023,D33,R5,D33_P6,R5,85.93,2,46974.61,8007.27
2022,D34,R5,D34_P1,R5,95.29,1,8279.4,7860.87
2022,D34,R5,D34_P1,R5,116.76,4,5648.4,7860.87
2022,D34,R5,D34_P1,R5,98.6,2,26264.97,7860.87
2022,D34,R5,D34_P1,R5,92.74,3,10944.13,7860.87
2022,D34,R5,D34_P1,R5,111.72,2,12855.84,7860.87
2022,D34,R5,D34_P1,R5,109.33,1,17521.59,7860.87
2022,D34,R5,D34_P1,R5,111.75,1,12500.44,7860.87
2022,D34,R5,D34_P1,R5,119.48,2,7034.19,7860.87
2022,D34,R5,D34_P2,R5,80.49,7,6137.49,7860.87
2022,D34,R5,D34_P2,R5,100.68,2,3444.62,7860.87
2022,D34,R5,D34_P2,R5,94.44,2,6956.39,7860.87
2022,D34,R5,D34_P2,R5,104.13,3,6195.81,7860.87
2022,D34,R5,D34_P2,R5,115.12,2,8684.48,7860.87
2022,D34,R5,D34_P2,R5,93.57,2,4170.34,7860.87
2022,D34,R5,D34_P2,R5,90.76,3,10461.84,7860.87
2022,D34,R5,D34_P2,R5,100.94,3,10353.82,7860.87
2022,D34,R5,D34_P3,R5,89.97,3,6691.14,7860.87
2022,D34,R5,D34_P3,R5,86.1,2,9717.46,7860.87
2022,D34,R5,D34_P3,R5,106.44,2,11178.27,7860.87
2022,D34,R5,D34_P3,R5,115.96,3,9823.6,7860.87
2022,D34,R5,D34_P3,R5,92.02,2,12146.68,7860.87
2022,D34,R5,D34_P3,R5,89.53,3,13567.8,7860.87
2022,D34,R5,D34_P3,R5,110.13,3,8619.67,7860.87
2022,D34,R5,D34_P3,R5,108.83,3,21435.79,7860.87
2022,D34,R5,D34_P4,R5,105.98,2,8091.69,7860.87
2022,D34,R5,D34_P4,R5,98.26,3,2806.54,7860.87
2022,D34,R5,D34_P4,R5,99.55,3,6084.51,7860.87
2022,D34,R5,D34_P4,R5,108.01,2,12293.53,7860.87
2022,D34,R5,D34_P4,R5,101.24,2,8838.76,7860.87
2022,D34,R5,D34_P4,R5,95.06,2,6210.84,7860.87
2022,D34,R5,D34_P4,R5,110.21,2,6030.75,7860.87
2022,D34,R5,D34_P4,R5,101.16,2,10758.7,7860.87
2022,D34,R5,D34_P5,R5,102.27,4,15878.28,7860.87
2022,D34,R5,D34_P5,R5,93.48,4,4409.9,7860.87
2022,D34,R5,D34_P5,R5,89.36,1,16539.95,7860.87
2022,D34,R5,D34_P5,R5,111.6,1,7254.63,7860.87
2022,D34,R5,D34_P5,R5,116.16,2,8153.58,7860.87
2022,D34,R5,D34_P5,R5,92.36,2,6005.12,7860.87
2022,D34,R5,D34_P5,R5,85.34,2,8483.33,7860.87
2022,D34,R5,D34_P5,R5,109.7,3,13167.62,7860.87
2022,D34,R5,D34_P6,R5,106.76,3,15917.57,7860.87
2022,D34,R5,D34_P6,R5,92.12,2,17657.39,7860.87
2022,D34,R5,D34_P6,R5,97.33,2,7228.43,7860.87
2022,D34,R5,D34_P6,R5,93.19,3,20382.06,7860.87
2022,D34,R5,D34_P6,R5,89.56,2,19735.29,7860.87
2022,D34,R5,D34_P6,R5,119.65,4,8700.04,7860.87
2022,D34,R5,D34_P6,R5,105.49,2,5291.46,7860.87
2022,D34,R5,D34_P6,R5,102.81,4,12298.22,7860.87
2023,D34,R5,D34_P1,R5,85.39,1,7424.86,8007.27
2023,D34,R5,D34_P1,R5,99.64,3,5360.85,8007.27
2023,D34,R5,D34_P1,R5,92.54,1,12461.09,8007.27
2023,D34,R5,D34_P1,R5,114.25,1,4321.48,8007.27
2023,D34,R5,D34_P1,R5,88.25,3,8943.36,8007.27
2023,D34,R5,D34_P1,R5,84.04,2,15091.28,8007.27
2023,D34,R5,D34_P1,R5,105.8,5,14621.08,8007.27
2023,D34,R5,D34_P1,R5,105.37,5,9465.58,8007.27
2023,D34,R5,D34_P2,R5,105.58,3,3443.64,8007.27
2023,D34,R5,D34_P2,R5,96.62,1,6958.66,8007.27
2023,D34,R5,D34_P2,R5,108.22,3,8315.48,8007.27
2023,D34,R5,D34_P2,R5,88.2,3,13824.56,8007.27
2023,D34,R5,D34_P2,R5,82.65,1,13160.68,8007.27
2023,D34,R5,D34_P2,R5,101.66,2,6029.31,8007.27
2023,D34,R5,D34_P2,R5,102.91,2,15267.72,8007.27
2023,D34,R5,D34_P2,R5,100.23,3,4757.73,8007.27
2023,D34,R5,D34_P3,R5,103.85,3,10527.61,8007.27
2023,D34,R5,D34_P3,R5,81.43,2,8887.47,8007.27
2023,D34,R5,D34_P3,R5,80.5,2,11319.23,8007.27
2023,D34,R5,D34_P3,R5,83.93,3,8182.1,8007.27
2023,D34,R5,D34_P3,R5,89.51,2,4355.14,8007.27
2023,D34,R5,D34_P3,R5,99.4,2,10548.44,8007.27
2023,D34,R5,D34_P3,R5,114.05,2,7898.23,8007.27
2023,D34,R5,D34_P3,R5,100.92,5,5987.82,8007.27
2023,D34,R5,D34_P4,R5,102.3,2,5754.25,8007.27
2023,D34,R5,D34_P4,R5,102.68,5,18299.01,8007.27
2023,D34,R5,D34_P4,R5,81.24,5,9564.19,8007.27
2023,D34,R5,D34_P4,R5,89.4,7,9165.84,8007.27
2023,D34,R5,D34_P4,R5,86.84,1,5203.46,8007.27
2023,D34,R5,D34_P4,R5,112.02,6,10828.86,8007.27
2023,D34,R5,D34_P4,R5,116.91,4,9462.51,8007.27
2023,D34,R5,D34_P4,R5,104.17,6,6529.81,8007.27
2023,D34,R5,D34_P5,R5,101.78,6,4606.87,8007.27
2023,D34,R5,D34_P5,R5,107.95,2,9099.15,8007.27
2023,D34,R5,D34_P5,R5,111.11,6,16293.23,8007.27
2023,D34,R5,D34_P5,R5,91.43,3,9411.46,8007.27
2023,D34,R5,D34_P5,R5,108.48,4,8204.75,8007.27
2023,D34,R5,D34_P5,R5,97.03,3,17405.41,8007.27
2023,D34,R5,D34_P5,R5,109.9,1,10086.48,8007.27
2023,D34,R5,D34_P5,R5,83.57,5,3232.72,8007.27
2023,D34,R5,D34_P6,R5,103.99,3,12192.81,8007.27
2023,D34,R5,D34_P6,R5,115.43,4,12615.6,8007.27
2023,D34,R5,D34_P6,R5,89.18,3,4738.95,8007.27
2023,D34,R5,D34_P6,R5,101.45,2,8920.13,8007.27
2023,D34,R5,D34_P6,R5,99.21,3,8999.64,8007.27
2023,D34,R5,D34_P6,R5,89.4,1,18997.04,8007.27
2023,D34,R5,D34_P6,R5,108.04,2,13016.76,8007.27
2023,D34,R5,D34_P6,R5,81.56,2,15197.71,8007.27
2022,D35,R5,D35_P1,R5,107.28,1,14700.53,7860.87
2022,D35,R5,D35_P1,R5,103.28,2,14956.31,7860.87
2022,D35,R5,D35_P1,R5,94.99,4,18392.45,7860.87
2022,D35,R5,D35_P1,R5,102.01,3,20638.08,7860.87
2022,D35,R5,D35_P1,R5,92.74,3,9997.68,7860.87
2022,D35,R5,D35_P1,R5,106.47,3,12114.89,7860.87
2022,D35,R5,D35_P1,R5,107.63,3,7179.04,7860.87
2022,D35,R5,D35_P1,R5,89.25,1,6594.87,7860.87
2022,D35,R5,D35_P2,R5,106.96,2,8911.67,7860.87
2022,D35,R5,D35_P2,R5,115.01,1,6094.63,7860.87
2022,D35,R5,D35_P2,R5,81.19,4,10718.45,7860.87
2022,D35,R5,D35_P2,R5,105.6,4,21949.31,7860.87
2022,D35,R5,D35_P2,R5,100.34,4,12738.16,7860.87
2022,D35,R5,D35_P2,R5,82.36,4,7709.97,7860.87
2022,D35,R5,D35_P2,R5,82.47,2,9743.46,7860.87
2022,D35,R5,D35_P2,R5,94.55,3,4990.23,7860.87
2022,D35,R5,D35_P3,R5,103.24,3,9022.13,7860.87
2022,D35,R5,D35_P3,R5,111.38,1,6887.72,7860.87
2022,D35,R5,D35_P3,R5,116.28,2,7999.96,7860.87
2022,D35,R5,D35_P3,R5,93.12,3,18260.35,7860.87
2022,D35,R5,D35_P3,R5,87.47,1,9526.88,7860.87
2022,D35,R5,D35_P3,R5,95.47,3,4351.94,7860.87
2022,D35,R5,D35_P3,R5,84.13,3,6500.21,7860.87
2022,D35,R5,D35_P3,R5,88.59,3,16056.82,7860.87
2022,D35,R5,D35_P4,R5,89.73,2,5288.1,7860.87
2022,D35,R5,D35_P4,R5,86.16,3,4717.8,7860.87
2022,D35,R5,D35_P4,R5,108.16,1,19328.94,7860.87
2022,D35,R5,D35_P4,R5,116.15,5,13588.01,7860.87
2022,D35,R5,D35_P4,R5,101.79,3,8487.18,7860.87
2022,D35,R5,D35_P4,R5,116.72,5,3279.35,7860.87
2022,D35,R5,D35_P4,R5,80.61,4,17361.79,7860.87
2022,D35,R5,D35_P4,R5,97.79,4,8951.84,7860.87
2022,D35,R5,D35_P5,R5,105.86,2,3478.74,7860.87
2022,D35,R5,D35_P5,R5,116.11,3,10067.61,7860.87
2022,D35,R5,D35_P5,R5,100.26,1,16555.5,7860.87
2022,D35,R5,D35_P5,R5,116.28,5,13128.81,7860.87
2022,D35,R5,D35_P5,R5,117.32,2,14012.54,7860.87
2022,D35,R5,D35_P5,R5,91.29,1,7942.92,7860.87
2022,D35,R5,D35_P5,R5,91.54,3,5847.6,7860.87
2022,D35,R5,D35_P5,R5,104.0,2,15521.66,7860.87
2022,D35,R5,D35_P6,R5,91.48,2,12891.11,7860.87
2022,D35,R5,D35_P6,R5,109.91,4,10173.23,7860.87
2022,D35,R5,D35_P6,R5,85.53,2,9346.98,7860.87
2022,D35,R5,D35_P6,R5,86.82,2,7731.23,7860.87
2022,D35,R5,D35_P6,R5,97.03,5,6506.52,7860.87
2022,D35,R5,D35_P6,R5,107.17,4,16628.6,7860.87
2022,D35,R5,D35_P6,R5,106.39,5,10150.78,7860.87
2022,D35,R5,D35_P6,R5,103.06,4,10605.61,7860.87
2023,D35,R5,D35_P1,R5,116.97,1,10984.31,8007.27
2023,D35,R5,D35_P1,R5,97.37,1,11404.01,8007.27
2023,D35,R5,D35_P1,R5,105.39,5,7237.88,8007.27
2023,D35,R5,D35_P1,R5,113.33,2,17022.34,8007.27
2023,D35,R5,D35_P1,R5,113.31,3,11153.87,8007.27
2023,D35,R5,D35_P1,R5,110.44,3,12150.94,8007.27
2023,D35,R5,D35_P1,R5,82.77,2,9961.42,8007.27
2023,D35,R5,D35_P1,R5,116.98,2,15628.91,8007.27
2023,D35,R5,D35_P2,R5,91.73,1,5274.81,8007.27
2023,D35,R5,D35_P2,R5,91.72,1,6542.17,8007.27
2023,D35,R5,D35_P2,R5,112.26,2,10515.15,8007.27
2023,D35,R5,D35_P2,R5,116.64,2,9657.63,8007.27
2023,D35,R5,D35_P2,R5,82.86,2,9450.23,8007.27
2023,D35,R5,D35_P2,R5,94.22,2,12665.59,8007.27
2023,D35,R5,D35_P2,R5,116.31,2,9221.79,8007.27
2023,D35,R5,D35_P2,R5,98.24,1,7518.76,8007.27
2023,D35,R5,D35_P3,R5,91.01,1,7949.51,8007.27
2023,D35,R5,D35_P3,R5,80.46,4,3857.32,8007.27
2023,D35,R5,D35_P3,R5,80.8,1,7139.09,8007.27
2023,D35,R5,D35_P3,R5,86.47,1,8682.31,8007.27
2023,D35,R5,D35_P3,R5,103.31,4,5465.74,8007.27
2023,D35,R5,D35_P3,R5,115.01,3,6175.77,8007.27
2023,D35,R5,D35_P3,R5,113.16,6,4610.7,8007.27
2023,D35,R5,D35_P3,R5,95.97,1,16975.4,8007.27
2023,D35,R5,D35_P4,R5,106.91,3,5088.68,8007.27
2023,D35,R5,D35_P4,R5,103.25,4,9781.04,8007.27
2023,D35,R5,D35_P4,R5,116.1,2,15841.27,8007.27
2023,D35,R5,D35_P4,R5,100.97,1,11041.12,8007.27
2023,D35,R5,D35_P4,R5,119.43,1,8857.45,8007.27
2023,D35,R5,D35_P4,R5,95.45,1,7436.86,8007.27
2023,D35,R5,D35_P4,R5,104.21,3,8225.31,8007.27
2023,D35,R5,D35_P4,R5,119.14,2,10834.05,8007.27
2023,D35,R5,D35_P5,R5,95.19,2,12202.59,8007.27
2023,D35,R5,D35_P5,R5,94.81,3,8184.39,8007.27
2023,D35,R5,D35_P5,R5,98.51,3,8202.64,8007.27
2023,D35,R5,D35_P5,R5,99.41,1,15701.99,8007.27
2023,D35,R5,D35_P5,R5,118.93,2,4096.7,8007.27
2023,D35,R5,D35_P5,R5,93.25,3,8630.95,8007.27
2023,D35,R5,D35_P5,R5,107.16,1,12694.0,8007.27
2023,D35,R5,D35_P5,R5,118.64,3,11871.85,8007.27
2023,D35,R5,D35_P6,R5,113.81,2,10926.53,8007.27
2023,D35,R5,D35_P6,R5,118.42,3,13649.08,8007.27
2023,D35,R5,D35_P6,R5,110.04,4,9469.49,8007.27
2023,D35,R5,D35_P6,R5,118.86,2,10712.51,8007.27
2023,D35,R5,D35_P6,R5,117.82,3,18178.51,8007.27
2023,D35,R5,D35_P6,R5,118.56,6,7541.82,8007.27
2023,D35,R5,D35_P6,R5,109.35,2,14509.53,8007.27
2023,D35,R5,D35_P6,R5,113.24,2,2457.6,8007.27
2022,D36,R5,D36_P1,R5,99.03,4,12959.63,7860.87
2022,D36,R5,D36_P1,R5,102.18,3,13123.93,7860.87
2022,D36,R5,D36_P1,R5,82.77,1,8133.59,7860.87
2022,D36,R5,D36_P1,R5,95.65,3,14468.38,7860.87
2022,D36,R5,D36_P1,R5,118.1,1,8892.09,7860.87
2022,D36,R5,D36_P1,R5,119.9,1,14233.2,7860.87
2022,D36,R5,D36_P1,R5,85.78,1,6738.16,7860.87
2022,D36,R5,D36_P1,R5,119.55,1,8933.89,7860.87
2022,D36,R5,D36_P2,R5,119.64,2,19813.67,7860.87
2022,D36,R5,D36_P2,R5,86.92,2,13354.31,7860.87
2022,D36,R5,D36_P2,R5,87.63,2,16323.92,7860.87
2022,D36,R5,D36_P2,R5,85.43,2,13903.71,7860.87
2022,D36,R5,D36_P2,R5,113.64,2,27373.2,7860.87
2022,D36,R5,D36_P2,R5,105.52,3,18584.96,7860.87
2022,D36,R5,D36_P2,R5,118.4,2,15706.15,7860.87
2022,D36,R5,D36_P2,R5,83.99,5,5549.4,7860.87
2022,D36,R5,D36_P3,R5,80.61,4,24851.21,7860.87
2022,D36,R5,D36_P3,R5,93.58,3,9328.05,7860.87
2022,D36,R5,D36_P3,R5,81.66,2,17637.61,7860.87
2022,D36,R5,D36_P3,R5,115.94,1,13190.03,7860.87
2022,D36,R5,D36_P3,R5,91.95,2,43705.59,7860.87
2022,D36,R5,D36_P3,R5,109.16,2,10391.53,7860.87
2022,D36,R5,D36_P3,R5,110.44,3,11481.99,7860.87
2022,D36,R5,D36_P3,R5,100.81,2,10889.59,7860.87
2022,D36,R5,D36_P4,R5,102.16,2,16957.85,7860.87
2022,D36,R5,D36_P4,R5,110.51,2,7308.61,7860.87
2022,D36,R5,D36_P4,R5,112.4,1,11130.74,7860.87
2022,D36,R5,D36_P4,R5,101.0,3,13259.55,7860.87
2022,D36,R5,D36_P4,R5,116.21,6,13187.42,7860.87
2022,D36,R5,D36_P4,R5,113.6,2,27426.97,7860.87
2022,D36,R5,D36_P4,R5,97.75,6,21235.43,7860.87
2022,D36,R5,D36_P4,R5,83.96,3,16858.72,7860.87
2022,D36,R5,D36_P5,R5,82.6,2,39971.88,7860.87
2022,D36,R5,D36_P5,R5,85.28,3,24842.66,7860.87
2022,D36,R5,D36_P5,R5,104.69,2,10677.54,7860.87
2022,D36,R5,D36_P5,R5,85.69,2,15763.44,7860.87
2022,D36,R5,D36_P5,R5,113.14,2,10582.54,7860.87
2022,D36,R5,D36_P5,R5,84.76,3,11452.49,7860.87
2022,D36,R5,D36_P5,R5,109.77,2,7469.32,7860.87
2022,D36,R5,D36_P5,R5,99.55,2,11481.81,7860.87
2022,D36,R5,D36_P6,R5,107.24,2,10614.93,7860.87
2022,D36,R5,D36_P6,R5,97.87,2,12798.02,7860.87
2022,D36,R5,D36_P6,R5,89.52,1,14022.1,7860.87
2022,D36,R5,D36_P6,R5,98.56,3,28082.99,7860.87
2022,D36,R5,D36_P6,R5,84.67,4,24052.68,7860.87
2022,D36,R5,D36_P6,R5,98.95,2,30701.25,7860.87
2022,D36,R5,D36_P6,R5,108.91,5,7648.38,7860.87
2022,D36,R5,D36_P6,R5,107.97,3,15919.59,7860.87
2023,D36,R5,D36_P1,R5,111.54,3,21800.7,8007.27
2023,D36,R5,D36_P1,R5,113.47,1,14081.29,8007.27
2023,D36,R5,D36_P1,R5,94.35,1,38791.33,8007.27
2023,D36,R5,D36_P1,R5,94.24,2,15576.91,8007.27
2023,D36,R5,D36_P1,R5,96.26,4,17594.86,8007.27
2023,D36,R5,D36_P1,R5,101.39,2,18118.03,8007.27
2023,D36,R5,D36_P1,R5,92.37,5,16082.57,8007.27
2023,D36,R5,D36_P1,R5,111.47,3,31936.23,8007.27
2023,D36,R5,D36_P2,R5,113.04,3,20645.67,8007.27
2023,D36,R5,D36_P2,R5,98.69,2,14984.72,8007.27
2023,D36,R5,D36_P2,R5,112.43,2,23570.2,8007.27
2023,D36,R5,D36_P2,R5,85.02,2,19194.25,8007.27
2023,D36,R5,D36_P2,R5,87.64,3,31213.19,8007.27
2023,D36,R5,D36_P2,R5,108.04,6,12093.58,8007.27
2023,D36,R5,D36_P2,R5,105.94,5,30354.8,8007.27
2023,D36,R5,D36_P2,R5,104.29,3,18101.42,8007.27
2023,D36,R5,D36_P3,R5,97.15,1,19710.8,8007.27
2023,D36,R5,D36_P3,R5,119.24,3,16114.54,8007.27
2023,D36,R5,D36_P3,R5,105.81,2,14384.9,8007.27
2023,D36,R5,D36_P3,R5,100.65,2,13376.92,8007.27
2023,D36,R5,D36_P3,R5,93.97,3,18634.16,8007.27
2023,D36,R5,D36_P3,R5,105.99,1,22850.34,8007.27
2023,D36,R5,D36_P3,R5,86.12,2,18816.8,8007.27
2023,D36,R5,D36_P3,R5,99.26,2,8633.1,8007.27
2023,D36,R5,D36_P4,R5,86.6,1,11368.69,8007.27
2023,D36,R5,D36_P4,R5,108.61,4,22984.23,8007.27
2023,D36,R5,D36_P4,R5,103.86,2,17764.81,8007.27
2023,D36,R5,D36_P4,R5,86.68,2,23216.2,8007.27
2023,D36,R5,D36_P4,R5,119.8,2,26084.53,8007.27
2023,D36,R5,D36_P4,R5,107.99,2,7823.73,8007.27
2023,D36,R5,D36_P4,R5,84.09,6,17818.33,8007.27
2023,D36,R5,D36_P4,R5,87.37,3,6859.68,8007.27
2023,D36,R5,D36_P5,R5,88.79,3,27642.6,8007.27
2023,D36,R5,D36_P5,R5,106.55,2,9642.61,8007.27
2023,D36,R5,D36_P5,R5,111.29,1,18324.84,8007.27
2023,D36,R5,D36_P5,R5,98.83,3,19080.46,8007.27
2023,D36,R5,D36_P5,R5,94.81,4,16133.6,8007.27
2023,D36,R5,D36_P5,R5,85.95,4,14901.65,8007.27
2023,D36,R5,D36_P5,R5,115.7,2,14698.41,8007.27
2023,D36,R5,D36_P5,R5,93.62,2,9541.55,8007.27
2023,D36,R5,D36_P6,R5,105.35,1,8673.59,8007.27
2023,D36,R5,D36_P6,R5,108.77,2,10305.5,8007.27
2023,D36,R5,D36_P6,R5,83.97,2,17776.4,8007.27
2023,D36,R5,D36_P6,R5,119.91,4,17064.39,8007.27
2023,D36,R5,D36_P6,R5,86.82,5,9591.03,8007.27
2023,D36,R5,D36_P6,R5,91.28,4,11950.45,8007.27
2023,D36,R5,D36_P6,R5,96.86,4,8743.33,8007.27
2023,D36,R5,D36_P6,R5,119.85,2,17226.58,8007.27
2022,D37,R5,D37_P1,R5,116.64,1,22600.18,7860.87
2022,D37,R5,D37_P1,R5,89.47,2,24073.09,7860.87
2022,D37,R5,D37_P1,R5,85.52,5,24963.36,7860.87
2022,D37,R5,D37_P1,R5,93.4,4,9970.52,7860.87
2022,D37,R5,D37_P1,R5,112.09,3,25139.49,7860.87
2022,D37,R5,D37_P1,R5,93.35,1,15271.78,7860.87
2022,D37,R5,D37_P1,R5,95.02,2,17713.98,7860.87
2022,D37,R5,D37_P1,R5,92.89,2,14979.94,7860.87
2022,D37,R5,D37_P2,R5,92.65,2,24809.13,7860.87
2022,D37,R5,D37_P2,R5,102.39,2,21934.08,7860.87
2022,D37,R5,D37_P2,R5,82.2,2,11889.88,7860.87
2022,D37,R5,D37_P2,R5,106.53,3,40044.87,7860.87
2022,D37,R5,D37_P2,R5,82.14,1,14865.79,7860.87
2022,D37,R5,D37_P2,R5,91.17,4,32420.93,7860.87
2022,D37,R5,D37_P2,R5,95.45,2,13769.78,7860.87
2022,D37,R5,D37_P2,R5,117.32,3,10332.17,7860.87
2022,D37,R5,D37_P3,R5,88.71,1,46310.44,7860.87
2022,D37,R5,D37_P3,R5,95.77,1,17971.55,7860.87
2022,D37,R5,D37_P3,R5,104.85,3,39013.74,7860.87
2022,D37,R5,D37_P3,R5,87.31,2,20719.19,7860.87
2022,D37,R5,D37_P3,R5,117.88,2,45511.37,7860.87
2022,D37,R5,D37_P3,R5,102.75,2,14605.93,7860.87
2022,D37,R5,D37_P3,R5,83.2,2,30369.37,7860.87
2022,D37,R5,D37_P3,R5,84.69,1,26878.01,7860.87
2022,D37,R5,D37_P4,R5,90.71,1,18046.64,7860.87
2022,D37,R5,D37_P4,R5,105.08,2,24383.21,7860.87
2022,D37,R5,D37_P4,R5,118.13,4,12423.12,7860.87
2022,D37,R5,D37_P4,R5,80.58,4,11543.83,7860.87
2022,D37,R5,D37_P4,R5,83.97,3,25864.37,7860.87
2022,D37,R5,D37_P4,R5,119.06,2,10499.46,7860.87
2022,D37,R5,D37_P4,R5,84.9,2,20098.18,7860.87
2022,D37,R5,D37_P4,R5,83.49,1,16602.03,7860.87
2022,D37,R5,D37_P5,R5,116.01,3,9124.34,7860.87
2022,D37,R5,D37_P5,R5,104.25,4,7645.59,7860.87
2022,D37,R5,D37_P5,R5,107.12,2,4867.77,7860.87
2022,D37,R5,D37_P5,R5,105.8,1,15385.05,7860.87
2022,D37,R5,D37_P5,R5,104.31,2,22429.65,7860.87
2022,D37,R5,D37_P5,R5,104.74,3,28059.49,7860.87
2022,D37,R5,D37_P5,R5,83.34,4,13267.76,7860.87
2022,D37,R5,D37_P5,R5,83.16,3,12393.96,7860.87
2022,D37,R5,D37_P6,R5,84.34,3,33791.9,7860.87
2022,D37,R5,D37_P6,R5,93.14,2,30836.51,7860.87
2022,D37,R5,D37_P6,R5,112.16,4,33302.46,7860.87
2022,D37,R5,D37_P6,R5,115.78,3,41418.15,7860.87
2022,D37,R5,D37_P6,R5,119.96,2,30838.54,7860.87
2022,D37,R5,D37_P6,R5,91.72,4,22625.69,7860.87
2022,D37,R5,D37_P6,R5,103.31,4,18040.79,7860.87
2022,D37,R5,D37_P6,R5,110.9,2,32846.32,7860.87
2023,D37,R5,D37_P1,R5,111.2,2,8818.44,8007.27
2023,D37,R5,D37_P1,R5,117.19,1,55835.23,8007.27
2023,D37,R5,D37_P1,R5,107.83,3,45165.77,8007.27
2023,D37,R5,D37_P1,R5,83.99,3,26339.36,8007.27
2023,D37,R5,D37_P1,R5,110.46,1,6694.49,8007.27
2023,D37,R5,D37_P1,R5,96.07,3,15341.41,8007.27
2023,D37,R5,D37_P1,R5,93.74,2,8678.18,8007.27
2023,D37,R5,D37_P1,R5,85.33,3,20520.32,8007.27
2023,D37,R5,D37_P2,R5,89.79,4,15348.36,8007.27
2023,D37,R5,D37_P2,R5,81.04,5,37246.28,8007.27
2023,D37,R5,D37_P2,R5,117.31,3,10248.24,8007.27
2023,D37,R5,D37_P2,R5,82.41,1,15312.79,8007.27
2023,D37,R5,D37_P2,R5,109.79,3,12051.46,8007.27
2023,D37,R5,D37_P2,R5,91.22,2,41253.21,8007.27
2023,D37,R5,D37_P2,R5,111.04,2,5805.1,8007.27
2023,D37,R5,D37_P2,R5,92.78,1,17069.78,8007.27
2023,D37,R5,D37_P3,R5,84.49,3,13122.66,8007.27
2023,D37,R5,D37_P3,R5,80.61,2,27929.31,8007.27
2023,D37,R5,D37_P3,R5,82.43,3,35120.66,8007.27
2023,D37,R5,D37_P3,R5,119.11,3,11551.74,8007.27
2023,D37,R5,D37_P3,R5,90.01,2,17034.55,8007.27
2023,D37,R5,D37_P3,R5,116.12,1,19550.75,8007.27
2023,D37,R5,D37_P3,R5,83.02,2,32571.04,8007.27
2023,D37,R5,D37_P3,R5,100.14,1,22875.88,8007.27
2023,D37,R5,D37_P4,R5,113.22,1,7714.9,8007.27
2023,D37,R5,D37_P4,R5,89.78,2,32844.49,8007.27
2023,D37,R5,D37_P4,R5,116.51,5,24680.93,8007.27
2023,D37,R5,D37_P4,R5,105.02,1,27866.25,8007.27
2023,D37,R5,D37_P4,R5,107.64,2,32032.0,8007.27
2023,D37,R5,D37_P4,R5,90.06,2,14462.04,8007.27
2023,D37,R5,D37_P4,R5,103.73,2,16207.89,8007.27
2023,D37,R5,D37_P4,R5,81.13,2,21067.24,8007.27
2023,D37,R5,D37_P5,R5,95.33,3,30101.25,8007.27
2023,D37,R5,D37_P5,R5,106.52,3,15906.6,8007.27
2023,D37,R5,D37_P5,R5,109.14,3,36130.89,8007.27
2023,D37,R5,D37_P5,R5,94.87,3,5782.08,8007.27
2023,D37,R5,D37_P5,R5,101.86,3,38156.67,8007.27
2023,D37,R5,D37_P5,R5,84.67,2,12403.01,8007.27
2023,D37,R5,D37_P5,R5,96.91,2,14481.03,8007.27
2023,D37,R5,D37_P5,R5,92.81,2,48489.0,8007.27
2023,D37,R5,D37_P6,R5,80.74,3,67391.8,8007.27
2023,D37,R5,D37_P6,R5,101.99,3,13317.13,8007.27
2023,D37,R5,D37_P6,R5,100.5,3,28650.07,8007.27
2023,D37,R5,D37_P6,R5,110.21,3,12177.92,8007.27
2023,D37,R5,D37_P6,R5,81.99,2,29747.64,8007.27
2023,D37,R5,D37_P6,R5,83.14,3,26954.56,8007.27
2023,D37,R5,D37_P6,R5,102.12,3,16192.72,8007.27
2023,D37,R5,D37_P6,R5,101.23,1,32862.01,8007.27
2022,D38,R5,D38_P1,R5,109.09,2,22718.29,7860.87
2022,D38,R5,D38_P1,R5,92.98,2,11893.76,7860.87
2022,D38,R5,D38_P1,R5,108.8,4,13109.88,7860.87
2022,D38,R5,D38_P1,R5,101.19,2,8605.11,7860.87
2022,D38,R5,D38_P1,R5,83.81,1,5610.27,7860.87
2022,D38,R5,D38_P1,R5,119.94,1,23402.58,7860.87
2022,D38,R5,D38_P1,R5,100.18,1,5994.51,7860.87
2022,D38,R5,D38_P1,R5,94.95,3,8069.22,7860.87
2022,D38,R5,D38_P2,R5,81.79,3,9426.35,7860.87
2022,D38,R5,D38_P2,R5,111.66,3,7613.43,7860.87
2022,D38,R5,D38_P2,R5,118.06,3,10157.79,7860.87
2022,D38,R5,D38_P2,R5,117.05,2,12454.4,7860.87
2022,D38,R5,D38_P2,R5,96.54,2,4837.79,7860.87
2022,D38,R5,D38_P2,R5,97.14,3,22419.48,7860.87
2022,D38,R5,D38_P2,R5,105.96,2,5677.75,7860.87
2022,D38,R5,D38_P2,R5,118.07,1,22853.06,7860.87
2022,D38,R5,D38_P3,R5,103.94,2,16361.19,7860.87
2022,D38,R5,D38_P3,R5,89.19,4,26379.98,7860.87
2022,D38,R5,D38_P3,R5,110.17,3,14184.02,7860.87
2022,D38,R5,D38_P3,R5,114.01,1,6071.97,7860.87
2022,D38,R5,D38_P3,R5,116.85,2,22118.45,7860.87
2022,D38,R5,D38_P3,R5,100.18,2,7588.28,7860.87
2022,D38,R5,D38_P3,R5,81.41,2,8921.8,7860.87
2022,D38,R5,D38_P3,R5,89.55,5,17949.07,7860.87
2022,D38,R5,D38_P4,R5,85.88,4,9486.09,7860.87
2022,D38,R5,D38_P4,R5,119.97,2,17351.28,7860.87
2022,D38,R5,D38_P4,R5,89.85,3,9255.26,7860.87
2022,D38,R5,D38_P4,R5,101.78,3,18076.55,7860.87
2022,D38,R5,D38_P4,R5,104.15,3,9734.89,7860.87
2022,D38,R5,D38_P4,R5,84.86,4,6163.45,7860.87
2022,D38,R5,D38_P4,R5,109.61,5,8695.12,7860.87
2022,D38,R5,D38_P4,R5,83.51,4,4838.47,7860.87
2022,D38,R5,D38_P5,R5,115.52,2,9741.68,7860.87
2022,D38,R5,D38_P5,R5,85.79,2,11685.75,7860.87
2022,D38,R5,D38_P5,R5,102.67,2,7776.47,7860.87
2022,D38,R5,D38_P5,R5,119.54,3,8190.52,7860.87
2022,D38,R5,D38_P5,R5,119.49,4,7683.2,7860.87
2022,D38,R5,D38_P5,R5,102.96,2,7856.04,7860.87
2022,D38,R5,D38_P5,R5,100.25,3,22613.87,7860.87
2022,D38,R5,D38_P5,R5,105.95,2,11768.21,7860.87
2022,D38,R5,D38_P6,R5,112.42,3,12947.98,7860.87
2022,D38,R5,D38_P6,R5,107.53,5,17559.16,7860.87
2022,D38,R5,D38_P6,R5,84.53,3,6382.9,7860.87
2022,D38,R5,D38_P6,R5,89.3,1,12445.17,7860.87
2022,D38,R5,D38_P6,R5,84.75,1,7987.93,7860.87
2022,D38,R5,D38_P6,R5,108.66,1,4889.57,7860.87
2022,D38,R5,D38_P6,R5,85.25,3,7813.58,7860.87
2022,D38,R5,D38_P6,R5,113.44,1,19288.33,7860.87
2023,D38,R5,D38_P1,R5,95.88,6,7018.87,8007.27
2023,D38,R5,D38_P1,R5,114.89,2,14705.36,8007.27
2023,D38,R5,D38_P1,R5,105.72,2,18696.99,8007.27
2023,D38,R5,D38_P1,R5,91.98,2,7431.68,8007.27
2023,D38,R5,D38_P1,R5,99.23,1,18907.5,8007.27
2023,D38,R5,D38_P1,R5,85.78,2,10114.14,8007.27
2023,D38,R5,D38_P1,R5,83.41,2,4070.89,8007.27
2023,D38,R5,D38_P1,R5,100.34,1,6404.72,8007.27
2023,D38,R5,D38_P2,R5,102.14,3,8063.28,8007.27
2023,D38,R5,D38_P2,R5,117.13,5,11443.93,8007.27
2023,D38,R5,D38_P2,R5,118.47,2,10090.96,8007.27
2023,D38,R5,D38_P2,R5,114.36,4,14488.91,8007.27
2023,D38,R5,D38_P2,R5,98.9,1,11868.82,8007.27
2023,D38,R5,D38_P2,R5,115.34,6,7341.0,8007.27
2023,D38,R5,D38_P2,R5,96.75,1,5509.13,8007.27
2023,D38,R5,D38_P2,R5,103.22,4,14256.85,8007.27
2023,D38,R5,D38_P3,R5,89.46,4,33610.22,8007.27
2023,D38,R5,D38_P3,R5,115.65,2,6357.27,8007.27
2023,D38,R5,D38_P3,R5,90.58,2,30664.02,8007.27
2023,D38,R5,D38_P3,R5,103.77,1,13981.34,8007.27
2023,D38,R5,D38_P3,R5,115.58,2,18515.25,8007.27
2023,D38,R5,D38_P3,R5,118.02,4,15342.62,8007.27
2023,D38,R5,D38_P3,R5,85.11,3,9271.6,8007.27
2023,D38,R5,D38_P3,R5,116.41,3,16450.83,8007.27
2023,D38,R5,D38_P4,R5,118.0,1,7516.08,8007.27
2023,D38,R5,D38_P4,R5,93.76,2,15278.66,8007.27
2023,D38,R5,D38_P4,R5,82.35,5,9038.32,8007.27
2023,D38,R5,D38_P4,R5,92.96,1,24846.02,8007.27
2023,D38,R5,D38_P4,R5,98.31,2,23725.6,8007.27
2023,D38,R5,D38_P4,R5,98.25,1,14490.51,8007.27
2023,D38,R5,D38_P4,R5,116.61,3,10039.78,8007.27
2023,D38,R5,D38_P4,R5,114.27,4,12584.57,8007.27
2023,D38,R5,D38_P5,R5,111.32,3,11939.77,8007.27
2023,D38,R5,D38_P5,R5,99.5,3,7689.34,8007.27
2023,D38,R5,D38_P5,R5,84.12,4,15810.58,8007.27
2023,D38,R5,D38_P5,R5,81.29,1,13249.38,8007.27
2023,D38,R5,D38_P5,R5,112.98,2,4813.97,8007.27
2023,D38,R5,D38_P5,R5,107.78,1,13568.51,8007.27
2023,D38,R5,D38_P5,R5,99.37,4,10014.16,8007.27
2023,D38,R5,D38_P5,R5,117.91,2,27913.89,8007.27
2023,D38,R5,D38_P6,R5,104.17,3,18340.69,8007.27
2023,D38,R5,D38_P6,R5,97.79,1,19309.82,8007.27
2023,D38,R5,D38_P6,R5,111.51,4,16442.39,8007.27
2023,D38,R5,D38_P6,R5,115.17,2,8246.46,8007.27
2023,D38,R5,D38_P6,R5,80.51,2,10426.97,8007.27
2023,D38,R5,D38_P6,R5,85.19,4,9156.27,8007.27
2023,D38,R5,D38_P6,R5,96.35,1,15053.99,8007.27
2023,D38,R5,D38_P6,R5,88.91,3,15840.27,8007.27
2022,D39,R5,D39_P1,R5,103.76,6,11819.98,7860.87
2022,D39,R5,D39_P1,R5,95.61,3,13665.54,7860.87
2022,D39,R5,D39_P1,R5,85.19,3,13447.92,7860.87
2022,D39,R5,D39_P1,R5,97.93,1,15125.78,7860.87
2022,D39,R5,D39_P1,R5,93.76,3,10363.55,7860.87
2022,D39,R5,D39_P1,R5,94.95,1,12008.69,7860.87
2022,D39,R5,D39_P1,R5,85.2,3,8419.54,7860.87
2022,D39,R5,D39_P1,R5,95.79,3,18532.44,7860.87
2022,D39,R5,D39_P2,R5,107.51,6,19060.45,7860.87
2022,D39,R5,D39_P2,R5,98.12,1,10679.58,7860.87
2022,D39,R5,D39_P2,R5,119.91,3,7226.04,7860.87
2022,D39,R5,D39_P2,R5,108.52,3,16423.66,7860.87
2022,D39,R5,D39_P2,R5,82.57,1,10746.35,7860.87
2022,D39,R5,D39_P2,R5,102.14,3,6554.89,7860.87
2022,D39,R5,D39_P2,R5,100.38,3,9658.62,7860.87
2022,D39,R5,D39_P2,R5,101.86,3,12507.47,7860.87
2022,D39,R5,D39_P3,R5,90.96,2,9402.96,7860.87
2022,D39,R5,D39_P3,R5,89.99,1,20113.58,7860.87
2022,D39,R5,D39_P3,R5,80.94,3,9619.78,7860.87
2022,D39,R5,D39_P3,R5,83.42,2,10568.35,7860.87
2022,D39,R5,D39_P3,R5,107.69,2,24638.09,7860.87
2022,D39,R5,D39_P3,R5,84.09,3,22164.91,7860.87
2022,D39,R5,D39_P3,R5,97.05,2,8507.87,7860.87
2022,D39,R5,D39_P3,R5,82.21,4,14906.12,7860.87
2022,D39,R5,D39_P4,R5,89.12,3,9127.04,7860.87
2022,D39,R5,D39_P4,R5,81.88,3,9113.71,7860.87
2022,D39,R5,D39_P4,R5,106.06,4,15041.68,7860.87
2022,D39,R5,D39_P4,R5,105.38,3,28178.91,7860.87
2022,D39,R5,D39_P4,R5,108.97,2,7326.25,7860.87
2022,D39,R5,D39_P4,R5,110.16,2,12413.01,7860.87
2022,D39,R5,D39_P4,R5,97.1,3,14486.62,7860.87
2022,D39,R5,D39_P4,R5,112.31,3,9596.51,7860.87
2022,D39,R5,D39_P5,R5,103.04,6,13460.25,7860.87
2022,D39,R5,D39_P5,R5,91.63,2,5426.59,7860.87
2022,D39,R5,D39_P5,R5,81.43,2,15752.28,7860.87
2022,D39,R5,D39_P5,R5,111.49,2,11594.74,7860.87
2022,D39,R5,D39_P5,R5,116.95,1,23327.56,7860.87
2022,D39,R5,D39_P5,R5,100.37,2,7537.71,7860.87
2022,D39,R5,D39_P5,R5,119.37,3,27226.62,7860.87
2022,D39,R5,D39_P5,R5,102.42,4,15784.15,7860.87
2022,D39,R5,D39_P6,R5,119.92,2,22248.26,7860.87
2022,D39,R5,D39_P6,R5,96.56,1,6657.92,7860.87
2022,D39,R5,D39_P6,R5,118.13,4,9842.43,7860.87
2022,D39,R5,D39_P6,R5,81.33,4,9407.73,7860.87
2022,D39,R5,D39_P6,R5,85.6,2,8349.77,7860.87
2022,D39,R5,D39_P6,R5,107.01,2,14095.34,7860.87
2022,D39,R5,D39_P6,R5,102.1,2,12825.25,7860.87
2022,D39,R5,D39_P6,R5,99.37,1,14053.37,7860.87
2023,D39,R5,D39_P1,R5,115.18,1,14136.88,8007.27
2023,D39,R5,D39_P1,R5,112.87,1,20090.3,8007.27
2023,D39,R5,D39_P1,R5,112.09,2,20449.97,8007.27
2023,D39,R5,D39_P1,R5,81.97,5,5932.41,8007.27
2023,D39,R5,D39_P1,R5,83.25,3,12631.18,8007.27
2023,D39,R5,D39_P1,R5,102.26,1,6176.88,8007.27
2023,D39,R5,D39_P1,R5,86.56,3,28242.11,8007.27
2023,D39,R5,D39_P1,R5,90.36,2,15433.58,8007.27
2023,D39,R5,D39_P2,R5,105.94,2,9439.5,8007.27
2023,D39,R5,D39_P2,R5,85.8,3,15906.02,8007.27
2023,D39,R5,D39_P2,R5,102.03,2,16111.12,8007.27
2023,D39,R5,D39_P2,R5,81.28,2,9483.82,8007.27
2023,D39,R5,D39_P2,R5,83.75,1,12120.62,8007.27
2023,D39,R5,D39_P2,R5,115.97,3,14555.2,8007.27
2023,D39,R5,D39_P2,R5,118.67,3,13307.22,8007.27
2023,D39,R5,D39_P2,R5,82.63,2,15749.29,8007.27
2023,D39,R5,D39_P3,R5,82.81,5,23726.52,8007.27
2023,D39,R5,D39_P3,R5,85.12,1,25832.04,8007.27
2023,D39,R5,D39_P3,R5,104.01,2,16040.95,8007.27
2023,D39,R5,D39_P3,R5,91.14,2,13565.86,8007.27
2023,D39,R5,D39_P3,R5,116.28,3,21778.73,8007.27
2023,D39,R5,D39_P3,R5,93.41,1,15258.34,8007.27
2023,D39,R5,D39_P3,R5,90.77,3,32091.06,8007.27
2023,D39,R5,D39_P3,R5,119.35,2,18656.53,8007.27
2023,D39,R5,D39_P4,R5,112.77,3,29317.17,8007.27
2023,D39,R5,D39_P4,R5,81.38,2,8579.8,8007.27
2023,D39,R5,D39_P4,R5,85.33,3,7853.91,8007.27
2023,D39,R5,D39_P4,R5,86.98,4,12366.74,8007.27
2023,D39,R5,D39_P4,R5,96.01,2,13111.0,8007.27
2023,D39,R5,D39_P4,R5,107.43,2,8496.29,8007.27
2023,D39,R5,D39_P4,R5,112.69,1,15846.74,8007.27
2023,D39,R5,D39_P4,R5,99.6,1,12986.26,8007.27
2023,D39,R5,D39_P5,R5,117.93,1,11326.32,8007.27
2023,D39,R5,D39_P5,R5,93.39,5,12324.58,8007.27
2023,D39,R5,D39_P5,R5,97.0,1,16945.72,8007.27
2023,D39,R5,D39_P5,R5,91.43,2,20150.2,8007.27
2023,D39,R5,D39_P5,R5,82.73,1,5848.13,8007.27
2023,D39,R5,D39_P5,R5,101.98,4,7279.4,8007.27
2023,D39,R5,D39_P5,R5,91.88,5,3860.32,8007.27
2023,D39,R5,D39_P5,R5,89.06,4,20289.15,8007.27
2023,D39,R5,D39_P6,R5,115.33,3,18145.97,8007.27
2023,D39,R5,D39_P6,R5,111.96,3,16119.61,8007.27
2023,D39,R5,D39_P6,R5,104.06,3,14354.74,8007.27
2023,D39,R5,D39_P6,R5,85.15,3,5650.28,8007.27
2023,D39,R5,D39_P6,R5,94.03,4,11302.63,8007.27
2023,D39,R5,D39_P6,R5,89.35,1,8634.88,8007.27
2023,D39,R5,D39_P6,R5,86.75,4,16955.17,8007.27
2023,D39,R5,D39_P6,R5,99.27,3,11226.84,8007.27
2022,D40,R5,D40_P1,R5,110.72,3,36028.98,7860.87
2022,D40,R5,D40_P1,R5,102.47,3,19355.01,7860.87
2022,D40,R5,D40_P1,R5,95.67,2,22832.83,7860.87
2022,D40,R5,D40_P1,R5,104.41,1,10088.21,7860.87
2022,D40,R5,D40_P1,R5,107.89,2,22956.06,7860.87
2022,D40,R5,D40_P1,R5,117.1,4,12687.49,7860.87
2022,D40,R5,D40_P1,R5,85.95,2,27036.7,7860.87
2022,D40,R5,D40_P1,R5,94.24,1,21313.72,7860.87
2022,D40,R5,D40_P2,R5,95.43,3,13835.07,7860.87
2022,D40,R5,D40_P2,R5,83.75,4,19921.1,7860.87
2022,D40,R5,D40_P2,R5,116.09,3,21328.47,7860.87
2022,D40,R5,D40_P2,R5,89.95,3,20386.69,7860.87
2022,D40,R5,D40_P2,R5,97.61,3,25727.95,7860.87
2022,D40,R5,D40_P2,R5,98.33,3,15912.14,7860.87
2022,D40,R5,D40_P2,R5,99.25,3,20859.42,7860.87
2022,D40,R5,D40_P2,R5,100.75,3,13862.29,7860.87
2022,D40,R5,D40_P3,R5,95.27,2,16392.55,7860.87
2022,D40,R5,D40_P3,R5,94.14,3,30248.93,7860.87
2022,D40,R5,D40_P3,R5,102.0,3,12173.58,7860.87
2022,D40,R5,D40_P3,R5,88.68,2,7132.0,7860.87
2022,D40,R5,D40_P3,R5,105.37,2,10715.55,7860.87
2022,D40,R5,D40_P3,R5,104.1,3,8344.43,7860.87
2022,D40,R5,D40_P3,R5,115.01,1,17728.21,7860.87
2022,D40,R5,D40_P3,R5,116.8,3,8139.98,7860.87
2022,D40,R5,D40_P4,R5,109.87,4,22124.67,7860.87
2022,D40,R5,D40_P4,R5,97.13,1,14633.2,7860.87
2022,D40,R5,D40_P4,R5,105.03,4,22116.18,7860.87
2022,D40,R5,D40_P4,R5,84.45,1,12501.81,7860.87
2022,D40,R5,D40_P4,R5,82.42,3,8945.2,7860.87
2022,D40,R5,D40_P4,R5,103.85,5,10149.29,7860.87
2022,D40,R5,D40_P4,R5,100.91,4,22050.54,7860.87
2022,D40,R5,D40_P4,R5,84.54,6,13422.52,7860.87
2022,D40,R5,D40_P5,R5,97.64,2,17402.58,7860.87
2022,D40,R5,D40_P5,R5,106.58,1,11383.01,7860.87
2022,D40,R5,D40_P5,R5,108.83,1,24459.47,7860.87
2022,D40,R5,D40_P5,R5,103.74,3,14028.96,7860.87
2022,D40,R5,D40_P5,R5,97.1,2,16315.43,7860.87
2022,D40,R5,D40_P5,R5,108.43,3,10586.83,7860.87
2022,D40,R5,D40_P5,R5,110.05,1,9159.04,7860.87
2022,D40,R5,D40_P5,R5,83.31,2,15958.47,7860.87
2022,D40,R5,D40_P6,R5,111.61,4,21702.61,7860.87
2022,D40,R5,D40_P6,R5,92.37,2,16141.55,7860.87
2022,D40,R5,D40_P6,R5,96.24,3,28288.55,7860.87
2022,D40,R5,D40_P6,R5,88.53,1,9492.64,7860.87
2022,D40,R5,D40_P6,R5,118.77,3,17830.13,7860.87
2022,D40,R5,D40_P6,R5,109.21,2,18021.12,7860.87
2022,D40,R5,D40_P6,R5,83.9,3,14440.63,7860.87
2022,D40,R5,D40_P6,R5,86.31,3,7873.45,7860.87
2023,D40,R5,D40_P1,R5,110.58,3,10412.27,8007.27
2023,D40,R5,D40_P1,R5,106.53,1,14605.38,8007.27
2023,D40,R5,D40_P1,R5,88.89,2,16107.67,8007.27
2023,D40,R5,D40_P1,R5,112.89,6,55765.56,8007.27
2023,D40,R5,D40_P1,R5,115.42,3,22625.16,8007.27
2023,D40,R5,D40_P1,R5,110.0,3,10918.35,8007.27
2023,D40,R5,D40_P1,R5,80.26,2,21610.99,8007.27
2023,D40,R5,D40_P1,R5,97.86,2,34403.82,8007.27
2023,D40,R5,D40_P2,R5,115.26,1,13062.7,8007.27
2023,D40,R5,D40_P2,R5,108.15,2,13656.27,8007.27
2023,D40,R5,D40_P2,R5,80.99,2,18291.45,8007.27
2023,D40,R5,D40_P2,R5,103.72,2,11735.89,8007.27
2023,D40,R5,D40_P2,R5,114.36,1,14821.99,8007.27
2023,D40,R5,D40_P2,R5,95.35,1,11493.68,8007.27
2023,D40,R5,D40_P2,R5,99.45,4,10759.44,8007.27
2023,D40,R5,D40_P2,R5,98.62,1,28539.92,8007.27
2023,D40,R5,D40_P3,R5,105.71,2,9393.68,8007.27
2023,D40,R5,D40_P3,R5,87.42,2,4888.0,8007.27
2023,D40,R5,D40_P3,R5,106.77,1,8248.14,8007.27
2023,D40,R5,D40_P3,R5,101.47,3,11482.86,8007.27
2023,D40,R5,D40_P3,R5,87.99,4,7458.07,8007.27
2023,D40,R5,D40_P3,R5,81.31,1,10750.77,8007.27
2023,D40,R5,D40_P3,R5,97.89,1,14687.17,8007.27
2023,D40,R5,D40_P3,R5,89.63,3,7405.29,8007.27
2023,D40,R5,D40_P4,R5,104.41,5,14404.14,8007.27
2023,D40,R5,D40_P4,R5,101.98,3,20196.13,8007.27
2023,D40,R5,D40_P4,R5,116.13,1,25704.74,8007.27
2023,D40,R5,D40_P4,R5,92.6,3,20034.25,8007.27
2023,D40,R5,D40_P4,R5,99.2,4,17692.26,8007.27
2023,D40,R5,D40_P4,R5,98.26,4,6434.45,8007.27
2023,D40,R5,D40_P4,R5,90.16,1,22841.01,8007.27
2023,D40,R5,D40_P4,R5,92.63,3,13440.63,8007.27
2023,D40,R5,D40_P5,R5,94.73,5,16815.19,8007.27
2023,D40,R5,D40_P5,R5,118.57,2,16802.41,8007.27
2023,D40,R5,D40_P5,R5,117.84,2,27842.92,8007.27
2023,D40,R5,D40_P5,R5,97.57,1,26171.82,8007.27
2023,D40,R5,D40_P5,R5,118.07,2,19838.11,8007.27
2023,D40,R5,D40_P5,R5,115.13,1,12690.34,8007.27
2023,D40,R5,D40_P5,R5,108.58,3,23574.39,8007.27
2023,D40,R5,D40_P5,R5,99.75,4,14690.81,8007.27
2023,D40,R5,D40_P6,R5,93.77,3,8882.96,8007.27
2023,D40,R5,D40_P6,R5,108.01,2,17056.96,8007.27
2023,D40,R5,D40_P6,R5,118.55,1,12041.93,8007.27
2023,D40,R5,D40_P6,R5,86.47,2,11890.81,8007.27
2023,D40,R5,D40_P6,R5,87.09,1,23042.21,8007.27
2023,D40,R5,D40_P6,R5,80.83,1,16440.6,8007.27
2023,D40,R5,D40_P6,R5,113.43,2,18240.87,8007.27
2023,D40,R5,D40_P6,R5,85.23,4,18419.1,8007.27
